end_time,sev_code,start_time,site_name,t1,event,Event Description,region,Site Name,active,ack_by,ack_at,elapsed_time,Reported by,Reported Time,t2,t3,t4,t1_id,t2_id,t3_id,t4_id
,0,2026-09-27 18:49:29,ES2-CHM-09186,Zong,Offline,Site is Offline,South II,,true,,,1:14:43,,,-,-,,-,-,-,
,0,2026-09-27 17:59:38,ES1-KHI-00932,Jazz,Offline,Site is Offline,South I,,true,,,2:04:34,,,Telenor,,,KHI1069,KKX434,,
,0,2026-09-27 17:59:05,ES2-QTA-05791,Ufone,Offline,Site is Offline,South II,,true,,,2:05:07,,,-,-,,-,-,-,
,0,2026-09-27 17:57:38,ES1-GRH-10359,Jazz,Offline,Site is Offline,South I,,true,,,2:06:34,,,-,-,,52808,-,-,
,0,2026-09-27 17:57:23,ES2-GMT-09746,Jazz,Offline,Site is Offline,South I,,true,,,2:06:49,,,-,-,,52808,-,-,
,0,2026-09-27 17:53:52,EUS-PSN-04451,Jazz,Offline,Site is Offline,South II,,true,,,2:10:20,,,-,-,,-,-,-,
,0,2026-09-27 17:52:58,ESU-BLN-03612,Ufone,Offline,Site is Offline,South II,,true,,,2:11:14,,,-,-,,S-7570,-,-,
,0,2026-09-27 17:50:56,ES2-SUK-02166,Jazz,Offline,Site is Offline,South I,,true,,,2:13:16,,,-,-,,SUK1462,-,-,
,0,2026-09-27 17:49:51,ESU-BLN-03228,Ufone,Offline,Site is Offline,South II,,true,,,2:14:21,,,-,-,,S-7568,-,-,
,0,2026-09-27 17:36:57,EUS-PSN-04398,Ufone,Offline,Site is Offline,South II,,true,,,2:27:15,,,-,-,,-,-,-,
,0,2026-09-27 17:34:11,ES2-DBI-03783,Jazz,Offline,Site is Offline,South I,,true,,,2:30:01,,,-,-,,SRD4293,-,-,
,0,2026-09-27 17:34:04,ES1-KHI-05423,Zong,Offline,Site is Offline,South I,,true,,,2:30:08,,,Jazz,,,62026,KHI6911,,
,0,2026-09-27 17:14:08,EUS-MCH-00008,Ufone,Offline,Site is Offline,South I,,true,,,2:50:04,,,Vacant,Vacant,,S-7214,,,
,0,2026-09-27 17:08:39,EUS-PSN-04416,Jazz,Offline,Site is Offline,South II,,true,,,2:55:33,,,-,-,,-,-,-,
,0,2026-09-27 17:07:43,EUS-QSK-04660,Jazz,Offline,Site is Offline,South I,,true,,,2:56:29,,,-,-,,ARI4589,-,-,
,0,2026-09-27 17:04:38,ESU-BLN-03551,Ufone,Offline,Site is Offline,South II,,true,,,2:59:34,,,-,-,,S-7561,-,-,
,0,2026-09-27 16:59:03,ES2-NWS-06372,Jazz,Offline,Site is Offline,South I,,true,,,3:05:09,,,-,-,,BNK6040,-,-,
,0,2026-09-27 16:58:55,ES2-QTA-04072,Zong,Offline,Site is Offline,South II,,true,,,3:05:17,,,-,-,,61447,-,-,
,0,2026-09-27 16:58:03,ES2-GKI-06431,Jazz,Offline,Site is Offline,South I,,true,,,3:06:09,,,Zong,-,,GKI6075,-,-,
,0,2026-09-27 16:57:29,ES2-JHA-10124,Jazz,Offline,Site is Offline,South I,,true,,,3:06:43,,,-,-,,61412,,,
,0,2026-09-27 16:42:59,ES2-QTA-08039,Ufone,Offline,Site is Offline,South II,,true,,,3:21:13,,,-,-,,-,-,-,
,0,2026-09-27 16:36:32,ES1-MPM-10319,Jazz,Offline,Site is Offline,South I,,true,,,3:27:40,,,-,-,,52808,-,-,
,0,2026-09-27 16:27:39,ESU-BLN-03559,Ufone,Offline,Site is Offline,South II,,true,,,3:36:33,,,-,-,,S-7588,-,-,
,0,2026-09-27 16:24:10,ES2-SUJ-10034,Jazz,Offline,Site is Offline,South I,,true,,,3:40:02,,,-,-,,61412,,,
,0,2026-09-27 16:23:47,ES2-HYD-07517,Zong,Offline,Site is Offline,South I,,true,,,3:40:25,,,Jazz,-,,-,-,-,
,0,2026-09-27 16:17:11,EUS-QSK-04693,Jazz,Offline,Site is Offline,South I,,true,,,3:47:01,,,-,-,,WAR4537,-,-,
,0,2026-09-27 15:59:13,ES2-TAY-01551,Ufone,Offline,Site is Offline,South I,,true,,,4:04:59,,,Telenor,Vacant,,9881,KTA107,-,
,0,2026-09-27 15:58:12,ES1-KHI-09668,Jazz,Offline,Site is Offline,South I,,true,,,4:06:00,,,-,-,,52808,-,-,
,0,2026-09-27 15:58:01,ES2-QTA-08069,Ufone,Offline,Site is Offline,South II,,true,,,4:06:11,,,-,-,,-,-,-,
,0,2026-09-27 15:57:44,ES2-DAR-09843,Jazz,Offline,Site is Offline,South I,,true,,,4:06:28,,,-,-,,-,-,-,
,0,2026-09-27 15:57:42,ES2-QTA-05551,Ufone,Offline,Site is Offline,South II,,true,,,4:06:30,,,-,-,,S-3257,-,-,
,0,2026-09-27 15:50:40,ES2-TAM-10336,Jazz,Offline,Site is Offline,South II,,true,,,4:13:32,,,-,-,,52808,-,-,
,0,2026-09-27 15:50:04,ES1-KHI-03164,Zong,Offline,Site is Offline,South I,,true,,,4:14:08,,,Jazz,Ufone,,61623,KHI4404,S-3304,
,0,2026-09-27 15:37:00,ES2-DLP-09624,Jazz,Offline,Site is Offline,South I,,true,,,4:27:12,,,-,-,,52808,-,-,
,0,2026-09-27 15:11:15,ESU-BLN-03623,Ufone,Offline,Site is Offline,South II,,true,,,4:52:57,,,-,-,,S-7569,-,-,
,0,2026-09-27 15:00:03,ES2-QBR-00579,Zong,Offline,Site is Offline,South I,,true,,,5:04:09,,,,,,61281,,,
,0,2026-09-27 14:54:42,ES2-SDQ-10231,Jazz,Offline,Site is Offline,South I,,true,,,5:09:30,,,-,-,,52808,-,-,
,0,2026-09-27 14:52:17,ES2-TBT-08717,Ufone,Offline,Site is Offline,South I,,true,,,5:11:55,,,-,-,,-,-,-,
,0,2026-09-27 14:45:10,ES2-KSF-05536,Ufone,Offline,Site is Offline,South II,,true,,,5:19:02,,,-,-,,S-3174,-,-,
,0,2026-09-27 13:59:46,ES1-KHI-10045,Jazz,Offline,Site is Offline,South I,,true,,,6:04:26,,,-,-,,52808,-,-,
,0,2026-09-27 13:18:17,ES2-HYD-07549,Zong,Offline,Site is Offline,South I,,true,,,6:45:55,,,-,-,,-,-,-,
,0,2026-09-27 13:09:22,ES2-GWD-06090,Zong,Offline,Site is Offline,South I,,true,,,6:54:50,,,Ufone,-,,62231,S-7295,-,
,0,2026-09-27 12:26:00,ES2-MHR-03862,Telenor,Offline,Site is Offline,South I,,true,,,7:38:12,,,-,-,,QNNG02,-,-,
,0,2026-09-27 12:12:24,EUS-PSN-04379,Jazz,Offline,Site is Offline,South II,,true,,,7:51:48,,,-,-,,-,-,-,
,0,2026-09-27 10:59:26,ES2-QHD-10051,Jazz,Offline,Site is Offline,South I,,true,,,9:04:46,,,-,-,,61412,,,
,0,2026-09-27 09:15:20,EUS-QSK-04676,Jazz,Offline,Site is Offline,South I,,true,,,10:48:52,,,-,-,,KRD4626,-,-,
,0,2026-09-27 07:25:24,ES2-QTA-01729,Jazz,Offline,Site is Offline,South II,,true,,,12:38:48,,,Ufone,Zong,,QTA1431,S-7360,62678,
,0,2026-09-27 07:08:50,ES2-KTR-05425,Zong,Offline,Site is Offline,South I,,true,,,12:55:22,,,-,-,,62043,-,-,
,0,2026-09-27 06:51:04,ES2-KRP-06473,Ufone,Offline,Site is Offline,South I,,true,,,13:13:08,,,-,-,,-,-,-,
,0,2026-09-27 06:24:20,ES2-MST-07241,Ufone,Offline,Site is Offline,South II,,true,,,13:39:52,,,-,-,,-,-,-,
,0,2026-09-27 05:10:28,EUS-CHG-04585,Telenor,Offline,Site is Offline,South II,,true,,,14:53:44,,,-,-,,QUCG22,-,-,
,0,2026-09-27 04:48:55,ES2-JCA-04872,Ufone,Offline,Site is Offline,South I,,true,,,15:15:17,,,-,-,,S-7773,-,-,
,0,2026-09-27 04:41:50,ES2-ZIA-05751,Ufone,Offline,Site is Offline,South II,,true,,,15:22:22,,,-,-,,S-3269,-,-,
,0,2026-09-27 03:42:24,ES2-UTM-09579,Jazz,Offline,Site is Offline,South I,,true,,,16:21:48,,,-,-,,-,-,-,
,0,2026-09-27 03:02:19,ES2-KCH-05628,Ufone,Offline,Site is Offline,South I,,true,,,17:01:53,,,-,-,,S-3142,-,-,
,0,2026-09-27 01:44:04,ES2-JCA-04914,Zong,Offline,Site is Offline,South I,,true,,,18:20:08,,,-,-,,61902,-,-,
,0,2026-09-27 00:39:29,ES2-QTA-06922,Ufone,Offline,Site is Offline,South II,,true,,,19:24:43,,,-,-,,-,-,-,
,0,2026-09-27 00:23:48,ES2-SDK-07210,Ufone,Offline,Site is Offline,South I,,true,,,19:40:24,,,Zong,-,,-,-,-,
,0,2026-09-27 00:02:38,ES2-SKR-10200,Jazz,Offline,Site is Offline,South I,,true,,,20:01:34,,,-,-,,61412,,,
,0,2026-09-26 21:41:17,ES1-KHI-08758,Ufone,Offline,Site is Offline,South I,,true,,,22:22:55,,,-,-,,-,-,-,
,0,2026-09-26 18:21:42,ES1-KHI-03174,Zong,Offline,Site is Offline,South I,,true,,,1 day| 1:42:30,,,-,-,,61629,-,-,
,0,2026-09-26 16:34:55,ES2-LLI-01849,Ufone,Offline,Site is Offline,South II,,true,,,1 day| 3:29:17,,,Vacant,Vacant,,S-7341,-,-,
,0,2026-09-26 13:51:39,ES2-QTA-03256,Jazz,Offline,Site is Offline,South II,,true,,,1 day| 6:12:33,,,Telenor,Ufone,,QTA3984,QQT752,-,
,0,2026-09-26 13:21:34,ES1-KHI-03178,Zong,Offline,Site is Offline,South I,,true,,,1 day| 6:42:38,,,-,-,,61682,-,-,
,0,2026-09-26 13:15:39,ES1-KHI-03796,Zong,Offline,Site is Offline,South I,,true,,,1 day| 6:48:33,,,-,-,,61757,-,-,
,0,2026-09-26 05:03:19,ES2-MIT-07906,Ufone,Offline,Site is Offline,South I,,true,,,1 day| 15:00:53,,,-,-,,-,-,-,
,0,2026-09-26 04:57:40,ES2-KCL-03655,Jazz,Offline,Site is Offline,South II,,true,,,1 day| 15:06:32,,,-,-,,KCH4222,-,-,
,0,2026-09-25 19:20:26,ES2-LKN-05785,Ufone,Offline,Site is Offline,South I,,true,,,2 days| 0:43:46,,,-,-,,S-3396,-,-,
,0,2026-09-25 19:01:06,ES2-BDN-00076,Zong,Offline,Site is Offline,South I,,true,,,2 days| 1:03:06,,,Telenor,Vacant,,61283,,,
,0,2026-09-25 17:48:50,ES2-QTA-01969,Jazz,Offline,Site is Offline,South II,,true,,,2 days| 2:15:22,,,Ufone,-,,QTA3813,S-7978,-,
,0,2026-09-25 12:59:30,ES1-KHI-03797,Zong,Offline,Site is Offline,South I,,true,,,2 days| 7:04:42,,,Telenor,-,,61758,-,-,
,0,2026-09-25 12:38:38,EUS-MCH-00033,Ufone,Offline,Site is Offline,South I,,true,,,2 days| 7:25:34,,,,,,S-7207,,,
,0,2026-09-25 11:18:41,ES2-QTA-05661,Ufone,Offline,Site is Offline,South II,,true,,,2 days| 8:45:31,,,-,-,,S-3447,-,-,
,0,2026-09-25 10:36:07,EUS-GKI-04329,Jazz,Offline,Site is Offline,South I,,true,,,2 days| 9:28:05,,,-,-,,PJT4481,-,-,
,0,2026-09-25 07:23:00,EUS-TAM-07028,Telenor,Offline,Site is Offline,South I,,true,,,2 days| 12:41:12,,,-,-,,-,-,-,
,0,2026-09-25 07:20:58,ES2-MST-07242,Ufone,Offline,Site is Offline,South II,,true,,,2 days| 12:43:14,,,-,-,,-,-,-,
,0,2026-09-25 04:37:00,ES2-LLI-01848,Ufone,Offline,Site is Offline,South II,,true,,,2 days| 15:27:12,,,Zong,-,,S-7329,S-7329,S-7329,
,0,2026-09-25 03:44:41,ES2-SDK-02702,Ufone,Offline,Site is Offline,South I,,true,,,2 days| 16:19:31,,,Vacant,Vacant,,S-7339,-,-,
,0,2026-09-25 00:19:06,ES2-LKN-01091,Zong,Offline,Site is Offline,South I,,true,,,2 days| 19:45:06,,,Vacant,Vacant,,61280,,,
,0,2026-09-25 00:18:46,ES2-SDK-03033,Ufone,Offline,Site is Offline,South I,,true,,,2 days| 19:45:26,,,Vacant,Vacant,,S-7380,-,-,
,0,2026-09-25 00:17:58,ES2-LKN-01092,Zong,Offline,Site is Offline,South I,,true,,,2 days| 19:46:14,,,Jazz,Vacant,,60274,LKN3949,,
,0,2026-09-24 21:30:37,ES1-KHI-00833,Ufone,Offline,Site is Offline,South I,,true,,,2 days| 22:33:35,,,Vacant,Vacant,,6055,,,
,0,2026-09-24 18:40:12,ES2-GKI-02117,Jazz,Offline,Site is Offline,South I,,true,,,3 days| 1:24:00,,,Vacant,Vacant,,GKI3850,-,-,
,0,2026-09-24 16:32:09,EUS-GKI-04331,Jazz,Offline,Site is Offline,South I,,true,,,3 days| 3:32:03,,,-,-,,HGW4484,-,-,
,0,2026-09-24 13:58:39,ES2-JCA-05522,Ufone,Offline,Site is Offline,South I,,true,,,3 days| 6:05:33,,,-,-,,S-3052,-,-,
,0,2026-09-24 13:27:45,ES2-DKI-03948,Telenor,Offline,Site is Offline,South II,,true,,,3 days| 6:36:27,,,Ufone,-,,QDUK10,S-4249,-,
,0,2026-09-24 12:52:28,ES2-QTA-05429,Zong,Offline,Site is Offline,South II,,true,,,3 days| 7:11:44,,,-,-,,62082,-,-,
,0,2026-09-24 12:32:08,ES2-LKN-01920,Jazz,Offline,Site is Offline,South I,,true,,,3 days| 7:32:04,,,-,-,,LKN3802,-,-,
,0,2026-09-24 11:57:45,ES2-HLA-02019,Jazz,Offline,Site is Offline,South I,,true,,,3 days| 8:06:27,,,Vacant,Vacant,,HLA3831,-,-,
,0,2026-09-24 08:38:24,ES2-ORM-05882,Ufone,Offline,Site is Offline,South I,,true,,,3 days| 11:25:48,,,-,-,,S-7823,-,-,
,0,2026-09-24 05:27:31,ESU-BLN-03605,Ufone,Offline,Site is Offline,South II,,true,,,3 days| 14:36:41,,,-,-,,S-7586,-,-,
,0,2026-09-24 04:22:58,ES2-NSF-06648,Ufone,Offline,Site is Offline,South I,,true,,,3 days| 15:41:14,,,-,-,,-,-,-,
,0,2026-09-24 03:58:49,ES2-JMS-09520,Jazz,Offline,Site is Offline,South I,,true,,,3 days| 16:05:23,,,-,-,,52808,-,-,
,0,2026-09-24 03:50:33,ES2-LLI-06068,Zong,Offline,Site is Offline,South II,,true,,,3 days| 16:13:39,,,-,-,,-,-,-,
,0,2026-09-23 17:29:48,ES2-LKN-01965,Jazz,Offline,Site is Offline,South I,,true,,,4 days| 2:34:24,,,Vacant,Vacant,,LKN3812,-,-,
,0,2026-09-23 16:50:17,ES2-LSB-05853,Ufone,Offline,Site is Offline,South I,,true,,,4 days| 3:13:55,,,Jazz,-,,-,-,-,
,0,2026-09-23 15:31:01,ES1-KHI-00919,Zong,Offline,Site is Offline,South I,,true,,,4 days| 4:33:11,,,,,,61410,,,
,0,2026-09-23 14:50:55,ES2-ZIA-05560,Ufone,Offline,Site is Offline,South II,,true,,,4 days| 5:13:17,,,-,-,,-,-,-,
,0,2026-09-23 13:19:11,ES2-QTA-08762,Ufone,Offline,Site is Offline,South II,,true,,,4 days| 6:45:01,,,-,-,,-,-,-,
,0,2026-09-23 08:23:42,ES1-KHI-05678,Ufone,Offline,Site is Offline,South I,,true,,,4 days| 11:40:30,,,-,-,,S-3022,-,-,
,0,2026-09-23 00:31:06,ES2-GUL-02851,Zong,Offline,Site is Offline,South II,,true,,,4 days| 19:33:06,,,Ufone,Vacant,,60491,S-7433,-,
,0,2026-09-23 00:29:03,ES1-KHI-06129,Ufone,Offline,Site is Offline,South I,,true,,,4 days| 19:35:09,,,Jazz,-,,S-7468,KHI6246,-,
,0,2026-09-23 00:21:49,EUS-QSK-04679,Jazz,Offline,Site is Offline,South I,,true,,,4 days| 19:42:23,,,-,-,,-,-,-,
,0,2026-09-22 15:11:39,ES2-JTI-06396,Jazz,Offline,Site is Offline,South I,,true,,,5 days| 4:52:33,,,-,-,,-,-,-,
,0,2026-09-22 14:14:05,ES1-KHI-09727,Jazz,Offline,Site is Offline,South I,,true,,,5 days| 5:50:07,,,-,-,,-,-,-,
,0,2026-09-22 11:56:31,ES1-KHI-09151,Zong,Offline,Site is Offline,South I,,true,,,5 days| 8:07:41,,,-,-,,-,-,-,
,0,2026-09-22 01:13:40,ES2-KPO-00983,Telenor,Offline,Site is Offline,South I,,true,,,5 days| 18:50:32,,,,,,KKP103,,,
,0,2026-09-22 00:38:12,EUS-MCH-00037,Ufone,Offline,Site is Offline,South I,,true,,,5 days| 19:26:00,,,,,,UKHR02,,,
,0,2026-09-21 09:12:37,ES2-QTA-05585,Zong,Offline,Site is Offline,South II,,true,,,6 days| 10:51:35,,,Jazz,-,,62174,-,-,
,0,2026-09-20 06:53:37,EUS-MCH-00013,Ufone,Offline,Site is Offline,South I,,true,,,7 days| 13:10:35,,,Vacant,Vacant,,S-7185,-,-,
,0,2026-09-20 06:53:36,EUS-MCH-00014,Ufone,Offline,Site is Offline,South I,,true,,,7 days| 13:10:36,,,Vacant,Vacant,,S-7186,-,-,
,0,2026-09-20 01:17:36,ES1-KHI-05936,Telenor,Offline,Site is Offline,South I,,true,,,7 days| 18:46:36,,,Zong,-,,KKQ943,62654,-,
,0,2026-09-19 21:38:54,EUS-PSN-04419,Jazz,Offline,Site is Offline,South II,,true,,,7 days| 22:25:18,,,-,-,,-,-,-,
,0,2026-09-19 13:19:55,ES2-SUK-01768,Jazz,Offline,Site is Offline,South I,,true,,,8 days| 6:44:17,,,Vacant,Vacant,,SUK1463,-,-,
,0,2026-09-19 11:35:20,ES2-QTA-05549,Ufone,Offline,Site is Offline,South II,,true,,,8 days| 8:28:52,,,-,-,,S-3252,-,-,
,0,2026-09-17 18:36:12,ES2-KSF-05590,Zong,Offline,Site is Offline,South II,,true,,,10 days| 1:28:00,,,-,-,,62180,-,-,
,0,2026-09-17 13:38:29,ES2-CHM-03671,Jazz,Offline,Site is Offline,South II,,true,,,10 days| 6:25:43,,,Ufone,-,,CMN4225,S-7979,-,
,0,2026-09-17 09:23:14,ES2-QTA-07897,Ufone,Offline,Site is Offline,South II,,true,,,10 days| 10:40:58,,,-,-,,-,-,-,
,0,2026-09-16 16:24:52,ES2-HUB-08352,Ufone,Offline,Site is Offline,South I,,true,,,11 days| 3:39:20,,,-,-,,-,-,-,
,0,2026-09-16 14:12:28,ES2-SGH-03764,Jazz,Offline,Site is Offline,South I,,true,,,11 days| 5:51:44,,,-,-,,SGH4278,-,-,
,0,2026-09-16 02:03:16,ES2-RHR-02156,Jazz,Offline,Site is Offline,South I,,true,,,11 days| 18:00:56,,,-,-,,SUK1300,-,-,
,0,2026-09-16 00:35:05,ES2-HYD-07955,Jazz,Offline,Site is Offline,South I,,true,,,11 days| 19:29:07,,,-,-,,-,-,-,
,0,2026-09-15 17:09:15,ES2-MPK-01173,Jazz,Offline,Site is Offline,South I,,true,,,12 days| 2:54:57,,,Vacant,Vacant,,HGW1237,-,-,
,0,2026-09-15 16:11:56,ES2-TAY-03776,Jazz,Offline,Site is Offline,South I,,true,,,12 days| 3:52:16,,,-,-,,ALA4232,-,-,
,0,2026-09-14 00:48:48,ES1-KHI-03327,Jazz,Offline,Site is Offline,South I,,true,,,13 days| 19:15:24,,,-,-,,KHI3960,-,-,
,0,2026-09-12 10:25:23,ES1-KHI-00614,Zong,Offline,Site is Offline,South I,,true,,,15 days| 9:38:49,,,Vacant,Vacant,,61419,,,
,0,2026-09-11 10:38:59,ES2-HLA-05415,Zong,Offline,Site is Offline,South I,,true,,,16 days| 9:25:13,,,-,-,,62143,-,-,
,0,2026-09-11 09:25:10,ES1-KHI-03482,Telenor,Offline,Site is Offline,South I,,true,,,16 days| 10:39:02,,,Ufone,Jazz,Jazz,KKZ814,S-4264,-,KHI6848
,0,2026-09-11 03:57:41,ES2-GWD-06941,Ufone,Offline,Site is Offline,South I,,true,,,16 days| 16:06:31,,,-,-,,-,-,-,
,0,2026-09-10 03:36:59,EUS-QSK-04656,Jazz,Offline,Site is Offline,South I,,true,,,17 days| 16:27:13,,,-,-,,BCN4535,-,-,
,0,2026-09-09 11:49:00,ES2-QTA-05741,Ufone,Offline,Site is Offline,South II,,true,,,18 days| 8:15:12,,,Jazz,,,-,QTA6802,,
,0,2026-09-09 11:25:25,ES2-SDP-01715,Telenor,Offline,Site is Offline,South I,,true,,,18 days| 8:38:47,,,Vacant,Vacant,,KSS105,-,-,
,0,2026-09-08 03:02:59,ES2-SET-10118,Jazz,Offline,Site is Offline,South I,,true,,,19 days| 17:01:13,,,-,-,,61412,,,
,0,2026-09-08 01:26:49,ES2-QTA-07085,Ufone,Offline,Site is Offline,South II,,true,,,19 days| 18:37:23,,,-,-,,-,-,-,
,0,2026-09-07 16:26:00,ES2-LLI-01846,Ufone,Offline,Site is Offline,South II,,true,,,20 days| 3:38:12,,,Vacant,Vacant,,S-7327,-,-,
,0,2026-09-06 14:04:50,ES2-BDN-01852,Telenor,Offline,Site is Offline,South I,,true,,,21 days| 5:59:22,,,Jazz,Vacant,,KML105,-,-,
,0,2026-09-05 22:05:07,EUS-MCH-00019,Ufone,Offline,Site is Offline,South I,,true,,,21 days| 21:59:05,,,Vacant,Vacant,,S-7191,-,-,
,0,2026-09-05 19:20:11,ES1-KHI-09839,Jazz,Offline,Site is Offline,South I,,true,,,22 days| 0:44:01,,,-,-,,52808,-,-,
,0,2026-09-03 07:01:42,ES2-HYD-06427,Jazz,Offline,Site is Offline,South I,,true,,,24 days| 13:02:30,,,-,-,,HYD6073,-,-,
,0,2026-09-02 18:08:02,ES2-MCH-05544,Ufone,Offline,Site is Offline,South I,,true,,,25 days| 1:56:10,,,-,-,,S-3203,-,-,
,0,2026-09-02 08:55:44,ES2-MHP-07527,Zong,Offline,Site is Offline,South I,,true,,,25 days| 11:08:28,,,,Jazz,,-,,-,
,0,2026-09-02 00:30:15,ES2-MAK-07518,Zong,Offline,Site is Offline,South I,,true,,,25 days| 19:33:57,,,-,-,,-,-,-,
,0,2026-09-01 04:03:33,ES2-NWS-02057,Jazz,Offline,Site is Offline,South I,,true,,,26 days| 16:00:39,,,Zong,,,NWB3836,62420,,
,0,2026-08-31 18:35:32,ES2-PSN-05733,Ufone,Offline,Site is Offline,South II,,true,,,27 days| 1:28:40,,,-,-,,S-3234,-,-,
,0,2026-08-31 18:01:11,ES1-KHI-00897,Zong,Offline,Site is Offline,South I,,true,,,27 days| 2:03:01,,,Vacant,Vacant,,61286,,,
,0,2026-08-31 12:29:58,ES2-LKN-09735,Jazz,Offline,Site is Offline,South I,,true,,,27 days| 7:34:14,,,-,-,,52808,-,-,
,0,2026-08-31 05:42:18,ES2-KAD-05593,Zong,Offline,Site is Offline,South II,,true,,,27 days| 14:21:54,,,Ufone,Jazz,,62183,-,-,
,0,2026-08-30 22:19:28,ES2-LLI-09919,Jazz,Offline,Site is Offline,South II,,true,,,27 days| 21:44:44,,,-,-,,52808,-,-,
,0,2026-08-30 14:51:15,ES2-NWS-03126,Jazz,Offline,Site is Offline,South I,,true,,,28 days| 5:12:57,,,-,-,,NWB3778,-,-,
,0,2026-08-29 14:56:40,EUS-QSK-04681,Jazz,Offline,Site is Offline,South I,,true,,,29 days| 5:07:32,,,-,-,,-,-,-,
,0,2026-08-29 13:41:17,ES2-UKT-03486,Telenor,Offline,Site is Offline,South I,,true,,,29 days| 6:22:55,,,Zong,-,,KUK117,62274,-,
,0,2026-08-28 07:15:08,ES2-MTL-02078,Jazz,Offline,Site is Offline,South I,,true,,,30 days| 12:49:04,,,Zong,-,,HGW1239,62615,-,
,0,2026-08-28 06:36:31,ES2-CHM-05891,Ufone,Offline,Site is Offline,South II,,true,,,30 days| 13:27:41,,,Jazz,Zong,,S-7655,CMN7634,-,
,0,2026-08-27 09:46:52,EUS-PSN-04445,Jazz,Offline,Site is Offline,South II,,true,,,31 days| 10:17:20,,,-,-,,-,-,-,
,0,2026-08-26 11:43:17,ES1-KHI-09568,Jazz,Offline,Site is Offline,South I,,true,,,32 days| 8:20:55,,,-,-,,-,-,-,
,0,2026-08-25 22:36:58,ES1-KHI-09824,Jazz,Offline,Site is Offline,South I,,true,,,32 days| 21:27:14,,,-,-,,52808,-,-,
,0,2026-08-25 21:41:27,ES2-HYD-05754,Ufone,Offline,Site is Offline,South I,,true,,,32 days| 22:22:45,,,-,-,,S-7479,-,-,
,0,2026-08-25 16:23:04,ES2-MST-05719,Ufone,Offline,Site is Offline,South II,,true,,,33 days| 3:41:08,,,-,-,,S-3209,-,-,
,0,2026-08-25 08:53:50,ES2-SPR-07910,Ufone,Offline,Site is Offline,South I,,true,,,33 days| 11:10:22,,,-,-,,-,-,-,
,0,2026-08-24 14:02:56,ES2-KPO-03949,Telenor,Offline,Site is Offline,South I,,true,,,34 days| 6:01:16,,,Jazz,-,,KKP104,KPO4697,-,
,0,2026-08-24 11:23:56,ES2-TTA-01577,Zong,Offline,Site is Offline,South I,,true,,,34 days| 8:40:16,,,,,,60157,,,
,0,2026-08-24 09:48:25,ES2-CHM-03714,Jazz,Offline,Site is Offline,South II,,true,,,34 days| 10:15:47,,,Ufone,-,,CMN4259,S-3162,-,
,0,2026-08-23 10:26:39,ES2-TTA-10237,Jazz,Offline,Site is Offline,South I,,true,,,35 days| 9:37:33,,,-,-,,52808,-,-,
,0,2026-08-23 03:09:44,ES2-DDU-09507,Jazz,Offline,Site is Offline,South I,,true,,,35 days| 16:54:28,,,-,-,,-,-,-,
,0,2026-08-22 18:15:14,ES2-PSN-09189,Zong,Offline,Site is Offline,South II,,true,,,36 days| 1:48:58,,,Jazz,-,,-,-,-,
,0,2026-08-22 16:24:50,EUS-QSK-04683,Jazz,Offline,Site is Offline,South I,,true,,,36 days| 3:39:22,,,-,-,,HGW4630,-,-,
,0,2026-08-22 10:14:24,ES1-KHI-07325,Zong,Offline,Site is Offline,South I,,true,,,36 days| 9:49:48,,,Jazz,-,,-,-,-,
,0,2026-08-21 16:42:06,ES2-KAD-05580,Zong,Offline,Site is Offline,South II,,true,,,37 days| 3:22:06,,,Ufone,Jazz,,62167,S-7788,-,
,0,2026-08-20 14:58:45,ES2-NWS-10012,Jazz,Offline,Site is Offline,South I,,true,,,38 days| 5:05:27,,,-,-,,61412,,,
,0,2026-08-20 14:32:48,ES2-RHR-02155,Jazz,Offline,Site is Offline,South I,,true,,,38 days| 5:31:24,,,-,-,,SUK1469,-,-,
,0,2026-08-20 03:05:17,ES2-HUB-08343,Ufone,Offline,Site is Offline,South I,,true,,,38 days| 16:58:55,,,-,-,,-,-,-,
,0,2026-08-19 23:35:56,EUS-GKI-04327,Jazz,Offline,Site is Offline,South I,,true,,,38 days| 20:28:16,,,-,-,,HGW4470,-,-,
,0,2026-08-19 23:16:18,ES2-SDQ-06496,Jazz,Offline,Site is Offline,South I,,true,,,38 days| 20:47:54,,,-,-,,SDQ6098,-,-,
,0,2026-08-19 11:04:55,ES2-UBA-06364,Jazz,Offline,Site is Offline,South I,,true,,,39 days| 8:59:17,,,Zong,-,,-,-,-,
,0,2026-08-18 22:55:13,ES2-MTR-06649,Zong,Offline,Site is Offline,South I,,true,,,39 days| 21:08:59,,,-,-,,62284,-,-,
,0,2026-08-18 13:58:17,ES2-NWS-10128,Jazz,Offline,Site is Offline,South I,,true,,,40 days| 6:05:55,,,-,-,,52808,-,-,
,0,2026-08-18 12:17:45,ES1-KHI-09903,Jazz,Offline,Site is Offline,South I,,true,,,40 days| 7:46:27,,,-,-,,52808,-,-,
,0,2026-08-17 17:25:43,ES2-SPR-07447,Zong,Offline,Site is Offline,South I,,true,,,41 days| 2:38:29,,,-,-,,-,-,-,
,0,2026-08-17 14:52:49,ES2-HRZ-01692,Jazz,Offline,Site is Offline,South II,,true,,,41 days| 5:11:23,,,Zong,Ufone,,PIS1434,61812,S-3171,
,0,2026-08-17 03:33:01,ES2-QTA-01700,Jazz,Offline,Site is Offline,South II,,true,,,41 days| 16:31:11,,,Ufone,Vacant,,QTA1435,S-7410,-,
,0,2026-08-16 06:32:16,ES1-KHI-01731,Jazz,Offline,Site is Offline,South I,,true,,,42 days| 13:31:56,,,Vacant,Vacant,,KHI1442,-,-,
,0,2026-08-15 14:32:13,ES2-KKO-08745,Ufone,Offline,Site is Offline,South I,,true,,,43 days| 5:31:59,,,-,-,,-,-,-,
,0,2026-08-15 00:42:10,ES2-KZD-02700,Ufone,Offline,Site is Offline,South II,,true,,,43 days| 19:22:02,,,Vacant,Vacant,,S-7323,-,-,
,0,2026-08-15 00:19:45,ES2-MST-01842,Ufone,Offline,Site is Offline,South II,,true,,,43 days| 19:44:27,,,Zong,Vacant,,S-7312,62276,-,
,0,2026-08-15 00:15:42,ES2-KZD-04756,Ufone,Offline,Site is Offline,South II,,true,,,43 days| 19:48:30,,,-,-,,S-7785,-,-,
,0,2026-08-15 00:03:34,ES2-KZD-01832,Ufone,Offline,Site is Offline,South II,,true,,,43 days| 20:00:38,,,Vacant,Vacant,,S-7332,-,-,
,0,2026-08-14 16:53:44,ES1-KHI-09510,Jazz,Offline,Site is Offline,South I,,true,,,44 days| 3:10:28,,,Telenor,-,,52808,-,-,
,0,2026-08-13 21:58:52,ES1-KHI-09562,Jazz,Offline,Site is Offline,South I,,true,,,44 days| 22:05:20,,,-,-,,52808,-,-,
,0,2026-08-10 19:44:24,ES2-DDU-08573,Zong,Offline,Site is Offline,South I,,true,,,48 days| 0:19:48,,,Jazz,-,,52808,BYA7551,-,
,0,2026-08-10 03:24:53,ES2-MOR-09967,Jazz,Offline,Site is Offline,South I,,true,,,48 days| 16:39:19,,,-,-,,52808,-,-,
,0,2026-08-08 16:59:58,ES2-SUK-10022,Jazz,Offline,Site is Offline,South I,,true,,,50 days| 3:04:14,,,-,-,,61412,,,
,0,2026-08-08 12:21:25,ES2-JMS-04639,Jazz,Offline,Site is Offline,South I,,true,,,50 days| 7:42:47,,,Ufone,-,,JSO3881,-,-,
,0,2026-08-08 07:26:22,ES2-HYD-03577,Jazz,Offline,Site is Offline,South I,,true,,,50 days| 12:37:50,,,-,-,,HYD4038,-,-,
,0,2026-08-07 16:44:02,ES2-KSH-04983,Jazz,Offline,Site is Offline,South I,,true,,,51 days| 3:20:10,,,-,-,,KSH5892,-,-,
,0,2026-08-05 04:27:23,ES1-KHI-06758,Telenor,Offline,Site is Offline,South I,,true,,,53 days| 15:36:49,,,-,-,,-,-,-,
,0,2026-08-04 09:42:07,ES2-HAR-06719,Ufone,Offline,Site is Offline,South II,,true,,,54 days| 10:22:05,,,-,-,,-,-,-,
,0,2026-08-03 23:46:40,ES2-JMG-04568,Jazz,Offline,Site is Offline,South I,,true,,,54 days| 20:17:32,,,-,-,,-,-,-,
,0,2026-08-03 02:37:28,EUS-MCH-00026,Ufone,Offline,Site is Offline,South I,,true,,,55 days| 17:26:44,,,,,,S-7199,,,
,0,2026-08-01 00:24:59,ES1-KHI-07191,Ufone,Offline,Site is Offline,South I,,true,,,57 days| 19:39:13,,,Jazz,Telenor,Zong,-,-,-,
,0,2026-07-31 14:58:44,ES1-KHI-03930,Telenor,Offline,Site is Offline,South I,,true,,,58 days| 5:05:28,,,-,-,,KKZ315,-,-,
,0,2026-07-31 02:50:44,ES1-KHI-07087,Jazz,Offline,Site is Offline,South I,,true,,,58 days| 17:13:28,,,Ufone,Zong,,-,-,-,
,0,2026-07-30 17:47:40,ES1-NKT-10418,Jazz,Offline,Site is Offline,South I,,true,,,59 days| 2:16:32,,,-,-,,61412,,,
,0,2026-07-30 17:07:43,ES2-SIB-05897,Ufone,Offline,Site is Offline,South II,,true,,,59 days| 2:56:29,,,-,-,,S-7753,-,-,
,0,2026-07-30 15:45:43,ES2-KLP-01696,Jazz,Offline,Site is Offline,South II,,true,,,59 days| 4:18:29,,,Ufone,Zong,,DST1427,S-7745,62165,
,0,2026-07-29 10:22:09,ES2-SGH-08596,Jazz,Offline,Site is Offline,South I,,true,,,60 days| 9:42:03,,,Zong,Telenor,,-,-,-,
,0,2026-07-27 18:04:49,ES2-GKI-05022,Zong,Offline,Site is Offline,South I,,true,,,62 days| 1:59:23,,,Jazz,-,,HGW6206,62285,-,
,0,2026-07-25 13:24:57,ES2-QTA-02120,Jazz,Offline,Site is Offline,South II,,true,,,64 days| 6:39:15,,,Vacant,Vacant,,QTA1417,-,-,
,0,2026-07-24 16:52:45,ES2-LKN-05539,Ufone,Offline,Site is Offline,South I,,true,,,65 days| 3:11:27,,,-,-,,S-3081,-,-,
,0,2026-07-23 17:48:40,ES2-DRK-07920,Ufone,Offline,Site is Offline,South I,,true,,,66 days| 2:15:32,,,-,-,,-,-,-,
,0,2026-07-23 07:41:06,ES2-SUK-08492,Zong,Offline,Site is Offline,South I,,true,,,66 days| 12:23:06,,,-,-,,-,-,-,
,0,2026-07-22 14:16:56,EUS-PSN-04386,Jazz,Offline,Site is Offline,South II,,true,,,67 days| 5:47:16,,,-,-,,-,-,-,
,0,2026-07-22 07:53:06,ESU-BLN-03231,Jazz,Offline,Site is Offline,South II,,true,,,67 days| 12:11:06,,,Ufone,-,,HGW1422,S-7572,-,
,0,2026-07-20 20:43:34,ES2-NSF-01666,Jazz,Offline,Site is Offline,South I,,true,,,68 days| 23:20:38,,,Vacant,Vacant,,NFZ1403,-,-,
,0,2026-07-18 23:38:52,ES1-KHI-10152,Jazz,Offline,Site is Offline,South I,,true,,,70 days| 20:25:20,,,-,-,,52808,-,-,
,0,2026-07-18 14:17:21,EUS-PSN-04399,Jazz,Offline,Site is Offline,South II,,true,,,71 days| 5:46:51,,,-,-,,-,-,-,
,0,2026-07-18 13:57:51,ES2-WRH-02280,Jazz,Offline,Site is Offline,South I,,true,,,71 days| 6:06:21,,,-,-,,LAL1327,-,-,
,0,2026-07-17 20:49:44,ES2-MPK-06693,Jazz,Offline,Site is Offline,South I,,true,,,71 days| 23:14:28,,,-,-,,HGW6264,-,-,
,0,2026-07-16 17:15:23,ES2-GAD-01951,Jazz,Offline,Site is Offline,South I,,true,,,73 days| 2:48:49,,,Vacant,Vacant,,HUB3808,-,-,
,0,2026-07-16 11:04:37,ES2-JCA-08395,Zong,Offline,Site is Offline,South I,,true,,,73 days| 8:59:35,,,-,-,,-,-,-,
,0,2026-07-15 23:51:38,ES2-CHM-03712,Jazz,Offline,Site is Offline,South II,,true,,,73 days| 20:12:34,,,Zong,Ufone,,CMN4258,62294,S-7892,
,0,2026-07-14 13:36:50,ES2-SDK-01850,Ufone,Offline,Site is Offline,South I,,true,,,75 days| 6:27:22,,,,,,S-7325,,,
,0,2026-07-14 13:23:23,ES2-QTA-05774,Ufone,Offline,Site is Offline,South II,,true,,,75 days| 6:40:49,,,-,-,,S-3354,-,-,
,0,2026-07-14 12:29:09,ES2-QTA-05571,Ufone,Offline,Site is Offline,South II,,true,,,75 days| 7:35:03,,,-,-,,S-3349,-,-,
,0,2026-07-13 16:45:31,ES2-DBN-03211,Telenor,Offline,Site is Offline,South II,,true,,,76 days| 3:18:41,,,Zong,-,,QGJL03,61997,-,
,0,2026-07-13 03:14:18,ES1-KHI-07041,Zong,Offline,Site is Offline,South I,,true,,,76 days| 16:49:54,,,Ufone,Jazz,,62413,S-7358,KHI7304,
,0,2026-07-10 17:29:14,ES1-KHI-05934,Telenor,Offline,Site is Offline,South I,,true,,,79 days| 2:34:58,,,-,-,,KKQ942,-,-,
,0,2026-07-09 17:00:05,ES2-KKO-07543,Zong,Offline,Site is Offline,South I,,true,,,80 days| 3:04:07,,,-,-,,-,-,-,
,0,2026-07-09 16:17:17,ES1-KHI-07594,Telenor,Offline,Site is Offline,South I,,true,,,80 days| 3:46:55,,,-,-,,-,-,-,
,0,2026-07-09 07:30:08,ES2-UKT-06095,Zong,Offline,Site is Offline,South I,,true,,,80 days| 12:34:04,,,Jazz,Telenor,,62247,-,-,
,0,2026-07-07 21:41:58,ES2-SBZ-06650,Zong,Offline,Site is Offline,South I,,true,,,81 days| 22:22:14,,,-,-,,-,-,-,
,0,2026-07-06 13:59:16,ES1-KHI-08707,Ufone,Offline,Site is Offline,South I,,true,,,83 days| 6:04:56,,,Jazz,,,S-4137,KHI4358,,
,0,2026-07-06 00:02:21,ES1-KHI-07192,Ufone,Offline,Site is Offline,South I,,true,,,83 days| 20:01:51,,,-,-,,-,-,-,
,0,2026-07-05 21:54:37,ES2-JCA-07912,Ufone,Offline,Site is Offline,South I,,true,,,83 days| 22:09:35,,,-,-,,-,-,-,
,0,2026-07-04 22:03:08,ES1-KHI-06556,Telenor,Offline,Site is Offline,South I,,true,,,84 days| 22:01:04,,,-,-,,-,-,-,
,0,2026-07-04 13:32:45,ES1-KHI-00778,Zong,Offline,Site is Offline,South I,,true,,,85 days| 6:31:27,,,,,,61399,,,
,0,2026-07-04 07:39:34,ES1-KHI-05072,Telenor,Offline,Site is Offline,South I,,true,,,85 days| 12:24:38,,,-,-,,KKZ822,-,-,
,0,2026-07-04 07:30:00,ES1-KHI-03197,Zong,Offline,Site is Offline,South I,,true,,,85 days| 12:34:12,,,-,-,,61691,-,-,
,0,2026-07-04 02:47:16,ES1-KHI-00910,Jazz,Offline,Site is Offline,South I,,true,,,85 days| 17:16:56,,,-,-,,-,-,-,
,0,2026-07-03 15:11:26,ES2-HUB-08355,Ufone,Offline,Site is Offline,South I,,true,,,86 days| 4:52:46,,,-,-,,-,-,-,
,0,2026-07-03 12:42:37,ES2-SDQ-04104,Jazz,Offline,Site is Offline,South I,,true,,,86 days| 7:21:35,,,-,-,,NAH4295,-,-,
,0,2026-07-03 12:32:55,ES1-KHI-03237,Ufone,Offline,Site is Offline,South I,,true,,,86 days| 7:31:17,,,Jazz,-,,S-7413,KHI4403,-,
,0,2026-07-02 17:28:02,ES1-KHI-08358,Ufone,Offline,Site is Offline,South I,,true,,,87 days| 2:36:10,,,Jazz,-,,-,KHI7298,-,
,0,2026-07-02 06:16:30,ES2-QTA-03020,Ufone,Offline,Site is Offline,South II,,true,,,87 days| 13:47:42,,,Jazz,Vacant,,S-7362,QTA1433,-,
,0,2026-07-01 05:50:14,ES2-NWS-03757,Jazz,Offline,Site is Offline,South I,,true,,,88 days| 14:13:58,,,Zong,-,,JSB4275,-,-,
,0,2026-07-01 00:22:01,ES1-KHI-00812,Telenor,Offline,Site is Offline,South I,,true,,,88 days| 19:42:11,,,Zong,,,KKZ682,61414,,
,0,2026-07-01 00:03:01,ES2-DDU-09526,Jazz,Offline,Site is Offline,South I,,true,,,88 days| 20:01:11,,,-,-,,52808,-,-,
,0,2026-06-30 20:59:21,ES1-KHI-09516,Jazz,Offline,Site is Offline,South I,,true,,,88 days| 23:04:51,,,-,-,,52808,-,-,
,0,2026-06-30 20:37:45,ES1-MTR-08783,Jazz,Offline,Site is Offline,South I,,true,,,88 days| 23:26:27,,,-,-,,-,-,-,
,0,2026-06-30 16:48:36,ES2-BRC-02051,Jazz,Offline,Site is Offline,South I,,true,,,89 days| 3:15:36,,,Vacant,Vacant,,HGW3834,-,-,
,0,2026-06-29 10:48:42,ES2-GLC-00347,Telenor,Offline,Site is Offline,South I,,true,,,90 days| 9:15:30,,,Jazz,,,KGH104,,,
,0,2026-06-27 14:57:20,ES1-KHI-01864,Telenor,Offline,Site is Offline,South I,,true,,,92 days| 5:06:52,,,-,-,,KKQ928,-,-,
,0,2026-06-24 13:10:53,ES1-KHI-08916,Zong,Offline,Site is Offline,South I,,true,,,95 days| 6:53:19,,,-,-,,-,-,-,
,0,2026-06-23 17:01:42,ES1-KHI-08686,Ufone,Offline,Site is Offline,South I,,true,,,96 days| 3:02:30,,,Jazz,-,,-,-,-,
,0,2026-06-23 16:52:48,ES1-KHI-00818,Telenor,Offline,Site is Offline,South I,,true,,,96 days| 3:11:24,,,Vacant,Vacant,,KKQ713,,,
,0,2026-06-23 16:05:13,ES1-KHI-00875,Telenor,Offline,Site is Offline,South I,,true,,,96 days| 3:58:59,,,Vacant,Vacant,,KKQ836,,,
,0,2026-06-22 18:24:31,ES1-KHI-09866,Jazz,Offline,Site is Offline,South I,,true,,,97 days| 1:39:41,,,-,-,,52808,-,-,
,0,2026-06-22 12:27:26,ES2-SDP-02267,Jazz,Offline,Site is Offline,South I,,true,,,97 days| 7:36:46,,,Telenor,Ufone,,SDP3936,62057,-,
,0,2026-06-18 13:58:38,ES1-KHI-07368,Zong,Offline,Site is Offline,South I,,true,,,101 days| 6:05:34,,,Jazz,-,,-,KHI7309,-,
,0,2026-06-18 08:01:53,EUS-CHG-04588,Telenor,Offline,Site is Offline,South II,,true,,,101 days| 12:02:19,,,-,-,,-,-,-,
,0,2026-06-17 13:56:12,ES1-KHI-06760,Ufone,Offline,Site is Offline,South I,,true,,,102 days| 6:08:00,,,-,-,,-,-,-,
,0,2026-06-17 12:11:44,ES1-KHI-00748,Zong,Offline,Site is Offline,South I,,true,,,102 days| 7:52:28,,,Vacant,Vacant,,61191,-,-,
,0,2026-06-17 06:54:13,ES2-BSD-10180,Jazz,Offline,Site is Offline,South I,,true,,,102 days| 13:09:59,,,-,-,,52808,-,-,
,0,2026-06-17 02:40:17,ES1-KHI-00795,Telenor,Offline,Site is Offline,South I,,true,,,102 days| 17:23:55,,,Vacant,Vacant,,KKQ782,,,
,0,2026-06-16 22:05:16,ES1-KHI-09838,Telenor,Offline,Site is Offline,South I,,true,,,102 days| 21:58:56,,,-,-,,52808,-,-,
,0,2026-06-16 17:51:55,ES1-KHI-05756,Ufone,Offline,Site is Offline,South I,,true,,,103 days| 2:12:17,,,Jazz,-,,S-7473,-,-,
,0,2026-06-16 13:55:57,ES1-KHI-00790,Telenor,Offline,Site is Offline,South I,,true,,,103 days| 6:08:15,,,Vacant,Vacant,,KKQ817,,,
,0,2026-06-16 08:34:51,ES1-KHI-05010,Jazz,Offline,Site is Offline,South I,,true,,,103 days| 11:29:21,,,Ufone,Zong,,-,S-4257,,
,0,2026-06-13 13:53:51,ES1-KHI-00895,Telenor,Offline,Site is Offline,South I,,true,,,106 days| 6:10:21,,,,,,KKM030,,,
,0,2026-06-13 10:29:23,ES2-ZHB-03942,Telenor,Offline,Site is Offline,South II,,true,,,106 days| 9:34:49,,,Ufone,-,,QZB109,S-7943,-,
,0,2026-06-12 13:54:35,EUS-QSK-04666,Jazz,Offline,Site is Offline,South I,,true,,,107 days| 6:09:37,,,-,-,,DGM4611,-,-,
,0,2026-06-12 12:49:05,EUS-PSN-04427,Jazz,Offline,Site is Offline,South II,,true,,,107 days| 7:15:07,,,-,-,,-,-,-,
,0,2026-06-12 06:19:19,ESU-BLN-03628,Ufone,Offline,Site is Offline,South II,,true,,,107 days| 13:44:53,,,-,-,,S-7573,-,-,
,0,2026-06-11 14:01:30,ES2-CHM-03269,Jazz,Offline,Site is Offline,South II,,true,,,108 days| 6:02:42,,,-,-,,CMN4005,-,-,
,0,2026-06-10 23:53:06,EUS-PSN-04361,Jazz,Offline,Site is Offline,South I,,true,,,108 days| 20:11:06,,,-,-,,52808,-,-,
,0,2026-06-10 11:41:32,ES2-MGK-02181,Jazz,Offline,Site is Offline,South I,,true,,,109 days| 8:22:40,,,Vacant,Vacant,,HGW1426,-,-,
,0,2026-06-09 15:15:04,EUS-MCH-00015,Ufone,Offline,Site is Offline,South I,,true,,,110 days| 4:49:08,,,,,,S-7187,,,
,0,2026-06-08 19:04:06,ES1-KHI-03395,Telenor,Offline,Site is Offline,South I,,true,,,111 days| 1:00:06,,,-,-,,KKX755,-,-,
,0,2026-06-05 10:51:10,ES1-KHI-08353,Ufone,Offline,Site is Offline,South I,,true,,,114 days| 9:13:02,,,Telenor,-,,-,-,-,
,0,2026-06-05 09:56:36,ES2-MRI-01179,Telenor,Offline,Site is Offline,South I,,true,,,114 days| 10:07:36,,,Jazz,,,KMT102,MRI0924,,
,0,2026-06-04 14:52:25,ES2-SUK-01523,Zong,Offline,Site is Offline,South I,,true,,,115 days| 5:11:47,,,Ufone,Vacant,,61285,S-7889,,
,0,2026-06-04 08:57:11,EUS-MCH-00016,Ufone,Offline,Site is Offline,South I,,true,,,115 days| 11:07:01,,,Vacant,Vacant,,S-7188,,,
,0,2026-06-03 16:10:56,ES2-NZP-04650,Zong,Offline,Site is Offline,South I,,true,,,116 days| 3:53:16,,,Telenor,-,,61864,-,-,
,0,2026-06-03 00:56:23,ES1-KHI-00880,Ufone,Offline,Site is Offline,South I,,true,,,116 days| 19:07:49,,,Zong,Vacant,,S-4537,61266,,
,0,2026-06-02 23:55:05,ES2-LKN-07118,Ufone,Offline,Site is Offline,South I,,true,,,116 days| 20:09:07,,,Jazz,-,,-,-,-,
,0,2026-06-02 17:05:06,ES1-KHI-00890,Ufone,Offline,Site is Offline,South I,,true,,,117 days| 2:59:06,,,Telenor,,,S-3098,KKQ806,,
,0,2026-05-29 10:29:56,ES1-KHI-08365,Ufone,Offline,Site is Offline,South I,,true,,,121 days| 9:34:16,,,Jazz,Zong,,-,-,-,
,0,2026-05-27 08:37:04,ES1-KHI-09825,Telenor,Offline,Site is Offline,South I,,true,,,123 days| 11:27:08,,,-,-,,52808,-,-,
,0,2026-05-25 15:41:11,ES2-LKN-05540,Ufone,Offline,Site is Offline,South I,,true,,,125 days| 4:23:01,,,-,-,,S-3087,-,-,
,0,2026-05-24 12:57:20,ES2-QTA-08037,Ufone,Offline,Site is Offline,South II,,true,,,126 days| 7:06:52,,,-,-,,-,-,-,
,0,2026-05-24 09:06:48,ES1-KHI-09846,Jazz,Offline,Site is Offline,South I,,true,,,126 days| 10:57:24,,,-,-,,52808,-,-,
,0,2026-05-23 07:49:48,ES2-GAD-02272,Jazz,Offline,Site is Offline,South I,,true,,,127 days| 12:14:24,,,Vacant,Vacant,,HUB3782,-,-,
,0,2026-05-22 13:12:46,ES2-NSD-05618,Ufone,Offline,Site is Offline,South I,,true,,,128 days| 6:51:26,,,-,-,,-,-,-,
,0,2026-05-20 23:38:18,ES2-LKN-05710,Ufone,Offline,Site is Offline,South I,,true,,,129 days| 20:25:54,,,-,-,,S-3078,-,-,
,0,2026-05-19 16:27:21,ES1-KHI-03159,Zong,Offline,Site is Offline,South I,,true,,,131 days| 3:36:51,,,-,-,,61567,-,-,
,0,2026-05-19 12:05:08,ES2-LKN-06089,Zong,Offline,Site is Offline,South I,,true,,,131 days| 7:59:04,,,-,-,,62229,-,-,
,0,2026-05-18 11:52:56,ES1-KHI-05755,Ufone,Offline,Site is Offline,South I,,true,,,132 days| 8:11:16,,,Zong,-,,-,-,-,
,0,2026-05-17 15:00:52,ES2-JCA-07913,Ufone,Offline,Site is Offline,South I,,true,,,133 days| 5:03:20,,,-,-,,-,-,-,
,0,2026-05-16 13:35:38,ES2-SGH-05557,Ufone,Offline,Site is Offline,South I,,true,,,134 days| 6:28:34,,,Jazz,-,,S-3111,BER7358,-,
,0,2026-05-15 20:34:43,ES2-KAD-05764,Ufone,Offline,Site is Offline,South II,,true,,,134 days| 23:29:29,,,-,-,,-,-,-,
,0,2026-05-14 23:43:39,ES1-KHI-07968,Ufone,Offline,Site is Offline,South I,,true,,,135 days| 20:20:33,,,Jazz,-,,-,-,-,
,0,2026-05-14 19:16:40,EUS-QSK-04661,Jazz,Offline,Site is Offline,South I,,true,,,136 days| 0:47:32,,,-,-,,SAG4593,-,-,
,0,2026-05-14 06:41:28,ESU-BLN-03627,Ufone,Offline,Site is Offline,South II,,true,,,136 days| 13:22:44,,,-,-,,S-7557,-,-,
,0,2026-05-13 22:16:37,ES2-RHR-02165,Jazz,Offline,Site is Offline,South I,,true,,,136 days| 21:47:35,,,-,-,,-,-,-,
,0,2026-05-11 14:37:26,ES2-HYD-06085,Zong,Offline,Site is Offline,South I,,true,,,139 days| 5:26:46,,,Jazz,Tenant,,62224,-,-,
,0,2026-05-08 15:03:56,ES2-NSF-06079,Zong,Offline,Site is Offline,South I,,true,,,142 days| 5:00:16,,,Jazz,-,,62218,-,-,
,0,2026-05-08 10:35:59,ES1-KHI-04195,Telenor,Offline,Site is Offline,South I,,true,,,142 days| 9:28:13,,,-,-,,KKX762,-,-,
,0,2026-05-07 15:33:58,ES2-TBT-08716,Ufone,Offline,Site is Offline,South I,,true,,,143 days| 4:30:14,,,-,-,,-,-,-,
,0,2026-05-05 10:00:31,ES2-LLI-05716,Ufone,Offline,Site is Offline,South II,,true,,,145 days| 10:03:41,,,-,-,,S-3206,-,-,
,0,2026-05-04 15:43:26,ES1-KHI-07328,Zong,Offline,Site is Offline,South I,,true,,,146 days| 4:20:46,,,-,-,,-,-,-,
,0,2026-05-04 03:56:22,ES2-QTA-04706,Zong,Offline,Site is Offline,South II,,true,,,146 days| 16:07:50,,,Ufone,-,,S-7757,62008,-,
,0,2026-05-02 13:25:41,ES2-MPK-06694,Jazz,Offline,Site is Offline,South I,,true,,,148 days| 6:38:31,,,-,-,,CCN6240,-,-,
,0,2026-04-30 00:59:29,ES2-JMS-00526,Jazz,Offline,Site is Offline,South I,,true,,,150 days| 19:04:43,,,Vacant,Vacant,,JSO1408,-,-,
,0,2026-04-26 06:48:13,ES1-KHI-06826,Jazz,Offline,Site is Offline,South I,,true,,,154 days| 13:15:59,,,Ufone,Zong,,-,-,-,
,0,2026-04-20 18:25:16,ES2-BLN-05846,Ufone,Offline,Site is Offline,South II,,true,,,160 days| 1:38:56,,,-,-,,S-3383,-,-,
,0,2026-04-20 13:37:33,ES1-KHI-10220,Jazz,Offline,Site is Offline,South I,,true,,,160 days| 6:26:39,,,-,-,,52808,-,-,
,0,2026-04-17 13:18:45,ES1-KHI-05526,Ufone,Offline,Site is Offline,South I,,true,,,163 days| 6:45:27,,,Zong,-,,S-3017,-,-,
,0,2026-04-15 10:30:14,ES2-BLN-05664,Ufone,Offline,Site is Offline,South II,,true,,,165 days| 9:33:58,,,-,-,,S-3129,-,-,
,0,2026-04-10 05:55:17,ES2-LLI-03005,Ufone,Offline,Site is Offline,South II,,true,,,170 days| 14:08:55,,,Vacant,Vacant,,S-7377,-,-,
,0,2026-04-10 05:22:40,EUS-PSN-04414,Jazz,Offline,Site is Offline,South II,,true,,,170 days| 14:41:32,,,-,-,,-,-,-,
,0,2026-04-07 14:57:24,ES2-SIB-05748,Ufone,Offline,Site is Offline,South II,,true,,,173 days| 5:06:48,,,-,-,,S-3259,-,-,
,0,2026-03-28 06:42:31,ESU-BLN-03613,Ufone,Offline,Site is Offline,South II,,true,,,183 days| 13:21:41,,,-,-,,S-7571,-,-,
,0,2026-03-26 01:57:19,ES2-PAS-05881,Ufone,Offline,Site is Offline,South I,,true,,,185 days| 18:06:53,,,-,-,,S-7822,-,-,
,0,2026-03-24 00:44:07,ES2-MST-05768,Ufone,Offline,Site is Offline,South II,,true,,,187 days| 19:20:05,,,-,-,,S-3334,-,-,
,0,2026-03-22 10:34:23,EUS-MCH-00002,Ufone,Offline,Site is Offline,South I,,true,,,189 days| 9:29:49,,,-,-,,S-7192,-,-,
,0,2026-03-20 23:22:29,ES1-KHI-02348,Jazz,Offline,Site is Offline,South I,,true,,,190 days| 20:41:43,,,-,-,,KHI3856,-,-,
,0,2026-03-19 17:05:43,ES2-HUB-07003,Ufone,Offline,Site is Offline,South I,,true,,,192 days| 2:58:29,,,-,-,,-,-,-,
,0,2026-03-18 13:11:40,ES2-KAD-05697,Ufone,Offline,Site is Offline,South II,,true,,,193 days| 6:52:32,,,-,-,,S-3172,-,-,
,0,2026-03-16 11:40:28,ES2-DDU-01678,Jazz,Offline,Site is Offline,South I,,true,,,195 days| 8:23:44,,,Vacant,Vacant,,KNS1304,-,-,
,0,2026-03-15 02:03:42,EUS-PSN-04363,Ufone,Offline,Site is Offline,South II,,true,,,196 days| 18:00:30,,,-,-,,-,-,-,
,0,2026-03-13 11:10:31,ES2-SUI-02178,Ufone,Offline,Site is Offline,South I,,true,,,198 days| 8:53:41,,,Jazz,Vacant,,S-7305,SUI1315,-,
,0,2026-03-12 01:04:37,ES1-KHI-09558,Jazz,Offline,Site is Offline,South I,,true,,,199 days| 18:59:35,,,-,-,,52808,-,-,
,0,2026-03-11 14:04:52,ES2-SKR-09726,Jazz,Offline,Site is Offline,South I,,true,,,200 days| 5:59:20,,,-,-,,52808,-,-,
,0,2026-03-06 14:28:38,ES1-KHI-09724,Jazz,Offline,Site is Offline,South I,,true,,,205 days| 5:35:34,,,-,-,,52808,-,-,
,0,2026-03-04 13:15:51,EUS-MCH-00030,Ufone,Offline,Site is Offline,South I,,true,,,207 days| 6:48:21,,,Vacant,Vacant,,S-7204,-,-,
,0,2026-03-01 14:45:50,ES1-KHI-03297,Jazz,Offline,Site is Offline,South I,,true,,,210 days| 5:18:22,,,Ufone,-,,KHI1457,S-7982,-,
,0,2026-02-26 05:06:12,ES1-KHI-05051,Jazz,Offline,Site is Offline,South I,,true,,,213 days| 14:58:00,,,-,-,,KHI6037,-,-,
,0,2026-02-19 13:30:09,ESU-BLN-03626,Ufone,Offline,Site is Offline,South II,,true,,,220 days| 6:34:03,,,-,-,,S-7575,-,-,
,0,2026-02-16 01:25:52,EUS-PSN-04395,Jazz,Offline,Site is Offline,South II,,true,,,223 days| 18:38:20,,,-,-,,-,-,-,
,0,2026-02-12 15:31:22,ES1-KHI-00597,Ufone,Offline,Site is Offline,South I,,true,,,227 days| 4:32:50,,,,,,1015,,,
,0,2026-02-11 18:25:06,ES1-KHI-03799,Zong,Offline,Site is Offline,South I,,true,,,228 days| 1:39:06,,,-,-,,61761,-,-,
,0,2026-02-11 15:07:06,ES2-IKT-06839,Zong,Offline,Site is Offline,South I,,true,,,228 days| 4:57:06,,,-,-,,-,-,-,
,0,2026-02-09 09:53:11,ES2-KLT-05671,Ufone,Offline,Site is Offline,South II,,true,,,230 days| 10:11:01,,,-,-,,S-3132,-,-,
,0,2026-02-08 13:00:16,ES2-MST-05726,Ufone,Offline,Site is Offline,South II,,true,,,231 days| 7:03:56,,,-,-,,S-3228,-,-,
,0,2026-02-08 08:08:34,ES2-MIT-02798,Jazz,Offline,Site is Offline,South I,,true,,,231 days| 11:55:38,,,,Vacant,,ALA3943,-,-,
,0,2026-02-07 11:49:19,ES2-NSF-08671,Jazz,Offline,Site is Offline,South I,,true,,,232 days| 8:14:53,,,-,-,,-,-,-,
,0,2026-02-02 15:32:42,EUS-CHG-04593,Telenor,Offline,Site is Offline,South II,,true,,,237 days| 4:31:30,,,-,-,,-,-,-,
,0,2026-02-02 11:49:02,ES2-TLH-01544,Telenor,Offline,Site is Offline,South I,,true,,,237 days| 8:15:10,,,Zong,Vacant,,KTL102,61715,-,
,0,2026-01-29 13:11:01,ES2-BLN-05845,Ufone,Offline,Site is Offline,South II,,true,,,241 days| 6:53:11,,,-,-,,S-3381,-,-,
,0,2026-01-24 14:49:52,ES2-HLA-06696,Jazz,Offline,Site is Offline,South I,,true,,,246 days| 5:14:20,,,-,-,,HGW6237,-,-,
,0,2026-01-23 02:22:02,ES2-DAY-03483,Telenor,Offline,Site is Offline,South I,,true,,,247 days| 17:42:10,,,-,-,,QBSK02,-,-,
,0,2026-01-22 05:00:09,EUS-PSN-04389,Jazz,Offline,Site is Offline,South II,,true,,,248 days| 15:04:03,,,-,-,,-,-,-,
,0,2026-01-18 05:22:44,ES2-SUK-09789,Jazz,Offline,Site is Offline,South I,,true,,,252 days| 14:41:28,,,-,-,,52808,-,-,
,0,2026-01-15 18:23:07,ES2-PSN-05868,Ufone,Offline,Site is Offline,South II,,true,,,255 days| 1:41:05,,,-,-,,S-3445,-,-,
,0,2026-01-14 14:17:26,ES2-KZD-02721,Ufone,Offline,Site is Offline,South II,,true,,,256 days| 5:46:46,,,Vacant,Vacant,,S-7322,-,-,
,0,2026-01-12 07:45:28,ES2-TAY-09732,Jazz,Offline,Site is Offline,South I,,true,,,258 days| 12:18:44,,,-,-,,52808,-,-,
,0,2026-01-01 13:02:22,ES1-KHI-08739,Ufone,Offline,Site is Offline,South I,,true,,,269 days| 7:01:50,,,-,-,,-,-,-,
,0,2026-01-01 00:11:18,ES2-SUK-05493,Zong,Offline,Site is Offline,South I,,true,,,269 days| 19:52:54,,,-,-,,62096,-,-,
,0,2025-12-31 04:16:31,ES1-KHI-00901,Telenor,Offline,Site is Offline,South I,,true,,,270 days| 15:47:41,,,Vacant,Vacant,,KKQ483,,,
,0,2025-12-21 20:25:55,ESU-BLN-03617,Ufone,Offline,Site is Offline,South II,,true,,,279 days| 23:38:17,,,-,-,,S-7567,-,-,
,0,2025-12-20 11:15:00,ES1-KHI-06360,Telenor,Offline,Site is Offline,South I,,true,,,281 days| 8:49:12,,,Ufone,-,,KSHR21,S-7015,-,
,0,2025-12-17 15:37:58,ES2-BEL-08147,Jazz,Offline,Site is Offline,South I,,true,,,284 days| 4:26:14,,,Ufone,-,,-,-,-,
,0,2025-12-17 06:16:41,EUS-MCH-00036,Ufone,Offline,Site is Offline,South I,,true,,,284 days| 13:47:31,,,Zong,Jazz,,S-7216,62258,HGW4854,
,0,2025-12-17 02:57:33,EUS-MCH-00011,Ufone,Offline,Site is Offline,South I,,true,,,284 days| 17:06:39,,,-,-,,S-7183,-,-,
,0,2025-12-06 02:17:48,ES1-KHI-09828,Jazz,Offline,Site is Offline,South I,,true,,,295 days| 17:46:24,,,Zong,-,,52808,-,-,
,0,2025-11-27 00:26:48,ES2-KZD-04843,Ufone,Offline,Site is Offline,South II,,true,,,304 days| 19:37:24,,,-,-,,S-7440,-,-,
,0,2025-11-25 17:26:10,EUS-PSN-04377,Jazz,Offline,Site is Offline,South II,,true,,,306 days| 2:38:02,,,-,-,,-,-,-,
,0,2025-11-25 09:13:03,ES2-MST-05720,Ufone,Offline,Site is Offline,South II,,true,,,306 days| 10:51:09,,,-,-,,S-3210,-,-,
,0,2025-11-18 12:18:16,ES2-KLT-05672,Ufone,Offline,Site is Offline,South II,,true,,,313 days| 7:45:56,,,-,-,,S-3133,-,-,
,0,2025-11-18 09:58:59,ES2-KLT-04737,Ufone,Offline,Site is Offline,South II,,true,,,313 days| 10:05:13,,,-,-,,S-7783,-,-,
,0,2025-11-17 10:32:21,EUS-PSN-04383,Jazz,Offline,Site is Offline,South II,,true,,,314 days| 9:31:51,,,-,-,,-,-,-,
,0,2025-11-11 20:56:50,ES2-KLT-09203,Ufone,Offline,Site is Offline,South II,,true,,,319 days| 23:07:22,,,-,-,,-,-,-,
,0,2025-11-11 20:36:27,ES2-KLT-04738,Ufone,Offline,Site is Offline,South II,,true,,,319 days| 23:27:45,,,-,-,,S-7800,-,-,
,0,2025-11-11 10:14:34,ES2-KZD-04842,Ufone,Offline,Site is Offline,South II,,true,,,320 days| 9:49:38,,,-,-,,S-7441,-,-,
,0,2025-11-11 07:45:12,ES2-MST-05725,Ufone,Offline,Site is Offline,South II,,true,,,320 days| 12:19:00,,,-,-,,S-3226,-,-,
,0,2025-11-10 22:11:00,ES2-MST-05721,Ufone,Offline,Site is Offline,South II,,true,,,320 days| 21:53:12,,,-,-,,S-3217,-,-,
,0,2025-11-10 22:08:25,ES2-KLT-04782,Ufone,Offline,Site is Offline,South II,,true,,,320 days| 21:55:47,,,-,-,,S-7821,-,-,
,0,2025-11-10 22:08:08,ES2-MST-05727,Ufone,Offline,Site is Offline,South II,,true,,,320 days| 21:56:04,,,-,-,,S-3229,-,-,
,0,2025-11-10 22:03:11,ES2-KLT-04765,Ufone,Offline,Site is Offline,South II,,true,,,320 days| 22:01:01,,,-,-,,S-7620,-,-,
,0,2025-11-10 19:23:55,ES2-MST-05723,Ufone,Offline,Site is Offline,South II,,true,,,321 days| 0:40:17,,,-,-,,S-3220,-,-,
,0,2025-11-10 16:56:50,ES2-KLT-05867,Ufone,Offline,Site is Offline,South II,,true,,,321 days| 3:07:22,,,-,-,,-,-,-,
,0,2025-11-10 12:05:28,ES2-MST-01841,Ufone,Offline,Site is Offline,South II,,true,,,321 days| 7:58:44,,,Zong,Vacant,,S-7311,62275,-,
,0,2025-11-09 23:37:33,ES2-MST-05724,Ufone,Offline,Site is Offline,South II,,true,,,321 days| 20:26:39,,,-,-,,S-3221,-,-,
,0,2025-11-08 00:53:31,ES2-LLI-05766,Ufone,Offline,Site is Offline,South II,,true,,,323 days| 19:10:41,,,-,-,,S-3332,-,-,
,0,2025-11-07 04:46:11,EUS-MCH-00005,Ufone,Offline,Site is Offline,South I,,true,,,324 days| 15:18:01,,,,,,S-7211,,,
,0,2025-11-05 07:12:18,ES2-DPO-04323,Jazz,Offline,Site is Offline,South I,,true,,,326 days| 12:51:54,,,-,-,,MTI4878,-,-,
,0,2025-11-04 08:18:57,ES2-LSB-05587,Zong,Offline,Site is Offline,South I,,true,,,327 days| 11:45:15,,,Ufone,-,,62176,S-7277,-,
,0,2025-11-01 19:35:17,ES2-DBT-04763,Ufone,Offline,Site is Offline,South I,,true,,,330 days| 0:28:55,,,-,-,,S-7803,-,-,
,0,2025-10-30 02:14:32,ES2-CHG-06070,Zong,Offline,Site is Offline,South II,,true,,,332 days| 17:49:40,,,-,-,,-,-,-,
,0,2025-10-28 19:15:56,ES2-SUI-06938,Ufone,Offline,Site is Offline,South I,,true,,,334 days| 0:48:16,,,-,-,,-,-,-,
,0,2025-10-28 19:05:16,ES2-KKO-05047,Jazz,Offline,Site is Offline,South I,,true,,,334 days| 0:58:56,,,-,-,,-,-,-,
,0,2025-10-26 20:02:34,ES2-SUI-06944,Ufone,Offline,Site is Offline,South I,,true,,,336 days| 0:01:38,,,-,-,,-,-,-,
,0,2025-10-25 07:13:26,ES2-GHR-02736,Zong,Offline,Site is Offline,South I,,true,,,337 days| 12:50:46,,,Jazz,,,61382,HGW6891,,
,0,2025-10-24 17:00:46,ES2-KLT-04736,Ufone,Offline,Site is Offline,South II,,true,,,338 days| 3:03:26,,,-,-,,S-7781,-,-,
,0,2025-10-22 11:36:01,ES2-HYD-06080,Zong,Offline,Site is Offline,South I,,true,,,340 days| 8:28:11,,,-,-,,62219,-,-,
,0,2025-10-21 12:29:55,ES2-HYD-02884,Zong,Offline,Site is Offline,South I,,true,,,341 days| 7:34:17,,,Jazz,,,60838,HYD7143,,
,0,2025-10-21 03:19:54,EUS-MCH-00025,Ufone,Offline,Site is Offline,South I,,true,,,341 days| 16:44:18,,,Vacant,Vacant,,S-7198,-,-,
,0,2025-10-20 18:05:34,ES2-MST-01843,Ufone,Offline,Site is Offline,South II,,true,,,342 days| 1:58:38,,,Zong,Vacant,,S-7313,62277,-,
,0,2025-10-20 13:11:45,ES2-KNS-01719,Telenor,Offline,Site is Offline,South I,,true,,,342 days| 6:52:27,,,Vacant,Vacant,,QPIG02,-,-,
,0,2025-10-20 12:13:50,ES2-SUI-02705,Ufone,Offline,Site is Offline,South I,,true,,,342 days| 7:50:22,,,Vacant,Vacant,,S-7306,-,-,
,0,2025-10-20 10:25:42,EUS-MCH-00035,Ufone,Offline,Site is Offline,South I,,true,,,342 days| 9:38:30,,,Vacant,Vacant,,S-7209,,,
,0,2025-10-17 15:32:52,ES2-SUI-06943,Ufone,Offline,Site is Offline,South I,,true,,,345 days| 4:31:20,,,-,-,,-,-,-,
,0,2025-10-15 21:06:03,EUS-MCH-00009,Ufone,Offline,Site is Offline,South I,,true,,,346 days| 22:58:09,,,Vacant,Vacant,,S-7215,-,-,
,0,2025-10-14 16:41:37,ES2-HUB-08349,Ufone,Offline,Site is Offline,South I,,true,,,348 days| 3:22:35,,,Jazz,-,,-,-,-,
,0,2025-10-14 08:10:35,ES2-DBG-05666,Ufone,Offline,Site is Offline,South I,,true,,,348 days| 11:53:37,,,-,-,,-,-,-,
,0,2025-10-06 19:58:25,EUS-CHG-04596,Telenor,Offline,Site is Offline,South II,,true,,,356 days| 0:05:47,,,-,-,,-,-,-,
,0,2025-10-06 13:12:02,ES2-TTA-06111,Zong,Offline,Site is Offline,South I,,true,,,356 days| 6:52:10,,,-,-,,61547,-,-,
,0,2025-09-14 03:25:01,ES2-HUB-02703,Ufone,Offline,Site is Offline,South I,,true,,,378 days| 16:39:11,,,Vacant,Vacant,,S-7307,-,-,
,0,2025-09-02 14:55:36,ES2-SGH-07916,Ufone,Offline,Site is Offline,South I,,true,,,390 days| 5:08:36,,,-,-,,-,-,-,
,0,2025-09-02 01:09:42,ES2-KZD-04848,Ufone,Offline,Site is Offline,South II,,true,,,390 days| 18:54:30,,,-,-,,S-7446,-,-,
,0,2025-09-02 00:58:07,ES2-KZD-04845,Ufone,Offline,Site is Offline,South II,,true,,,390 days| 19:06:05,,,-,-,,S-7449,-,-,
,0,2025-09-01 23:44:12,ES2-KZD-01834,Ufone,Offline,Site is Offline,South II,,true,,,390 days| 20:20:00,,,Vacant,Vacant,,S-7337,-,-,
,0,2025-09-01 19:00:35,ES2-KZD-07084,Ufone,Offline,Site is Offline,South II,,true,,,391 days| 1:03:37,,,-,-,,-,-,-,
,0,2025-09-01 16:21:46,ES2-KZD-04766,Ufone,Offline,Site is Offline,South II,,true,,,391 days| 3:42:26,,,-,-,,S-7805,-,-,
,0,2025-09-01 16:10:55,ES2-KZD-05687,Ufone,Offline,Site is Offline,South II,,true,,,391 days| 3:53:17,,,-,-,,S-3149,-,-,
,0,2025-09-01 14:54:02,ES2-KZD-04849,Ufone,Offline,Site is Offline,South II,,true,,,391 days| 5:10:10,,,-,-,,S-7457,-,-,
,0,2025-08-20 14:21:41,ES1-KHI-04877,Ufone,Offline,Site is Offline,South I,,true,,,403 days| 5:42:31,,,-,-,,S-7464,-,-,
,0,2025-08-14 02:14:20,ES1-KHI-02986,Ufone,Offline,Site is Offline,South I,,true,,,409 days| 17:49:52,,,,,,6221,,,
,0,2025-08-04 06:56:10,ES2-KZD-08684,Ufone,Offline,Site is Offline,South II,,true,,,419 days| 13:08:02,,,-,-,,-,-,-,
,0,2025-07-29 12:25:06,EUS-CHG-04586,Telenor,Offline,Site is Offline,South II,,true,,,425 days| 7:39:06,,,-,-,,-,-,-,
,0,2025-07-24 18:08:33,ES2-KCH-05529,Ufone,Offline,Site is Offline,South I,,true,,,430 days| 1:55:39,,,-,-,,S-3147,-,-,
,0,2025-07-22 04:56:54,ES2-KZD-05688,Ufone,Offline,Site is Offline,South II,,true,,,432 days| 15:07:18,,,-,-,,-,-,-,
,0,2025-07-19 18:27:36,ESU-BLN-03560,Ufone,Offline,Site is Offline,South II,,true,,,435 days| 1:36:36,,,-,-,,S-7559,-,-,
,0,2025-07-12 02:50:34,ES2-RCD-04850,Ufone,Offline,Site is Offline,South II,,true,,,442 days| 17:13:38,,,-,-,,S-7746,-,-,
,0,2025-07-08 02:15:13,ES2-KZD-07092,Ufone,Offline,Site is Offline,South II,,true,,,446 days| 17:48:59,,,-,-,,-,-,-,
,0,2025-07-08 02:14:17,ES2-KZD-07093,Ufone,Offline,Site is Offline,South II,,true,,,446 days| 17:49:55,,,-,-,,-,-,-,
,0,2025-07-07 15:53:42,ES2-KZD-04846,Ufone,Offline,Site is Offline,South II,,true,,,447 days| 4:10:30,,,-,-,,S-7445,-,-,
,0,2025-07-07 15:32:27,ES2-KZD-04847,Ufone,Offline,Site is Offline,South II,,true,,,447 days| 4:31:45,,,-,-,,S-7448,-,-,
,0,2025-07-07 07:52:03,ES2-KZD-04840,Ufone,Offline,Site is Offline,South II,,true,,,447 days| 12:12:09,,,-,-,,S-7442,-,-,
,0,2025-07-03 18:41:38,ES2-KLT-05883,Ufone,Offline,Site is Offline,South II,,true,,,451 days| 1:22:34,,,-,-,,-,-,-,
,0,2025-07-03 18:22:11,ES1-KHI-09597,Jazz,Offline,Site is Offline,South I,,true,,,451 days| 1:42:01,,,-,-,,52808,-,-,
,0,2025-07-01 18:45:58,ES2-MST-05722,Ufone,Offline,Site is Offline,South II,,true,,,453 days| 1:18:14,,,-,-,,S-3219,-,-,
,0,2025-06-27 13:46:18,ES2-NSB-03009,Ufone,Offline,Site is Offline,South II,,true,,,457 days| 6:17:54,,,Vacant,Vacant,,S-7365,-,-,
,0,2025-05-31 04:58:10,ESU-BLN-03616,Ufone,Offline,Site is Offline,South II,,true,,,484 days| 15:06:02,,,-,-,,S-7579,-,-,
,0,2025-05-22 22:36:25,ES2-KZD-01829,Ufone,Offline,Site is Offline,South II,,true,,,492 days| 21:27:47,,,Vacant,Vacant,,S-7321,-,-,
,0,2025-05-22 22:35:00,ES2-KZD-01835,Ufone,Offline,Site is Offline,South II,,true,,,492 days| 21:29:12,,,Vacant,Vacant,,S-7338,-,-,
,0,2025-05-22 17:32:27,ES2-KZD-01833,Ufone,Offline,Site is Offline,South II,,true,,,493 days| 2:31:45,,,Vacant,Vacant,,S-7333,-,-,
,0,2025-05-22 17:30:10,ES2-KZD-07094,Ufone,Offline,Site is Offline,South II,,true,,,493 days| 2:34:02,,,-,-,,-,-,-,
,0,2025-05-22 17:29:47,ES2-KZD-04739,Ufone,Offline,Site is Offline,South II,,true,,,493 days| 2:34:25,,,-,-,,S-7790,-,-,
,0,2025-05-22 17:08:38,ES2-KZD-04844,Ufone,Offline,Site is Offline,South II,,true,,,493 days| 2:55:34,,,-,-,,S-7443,-,-,
,0,2025-05-20 10:47:18,ES2-MPK-05728,Ufone,Offline,Site is Offline,South I,,true,,,495 days| 9:16:54,,,-,-,,S-3097,-,-,
,0,2025-05-13 14:45:55,ES2-KZD-02701,Ufone,Offline,Site is Offline,South II,,true,,,502 days| 5:18:17,,,Vacant,Vacant,,S-7331,-,-,
,0,2025-05-05 01:16:55,ES2-IKT-04574,Jazz,Offline,Site is Offline,South I,,true,,,510 days| 18:47:17,,,-,-,,IKT4876,-,-,
,0,2025-05-01 11:35:31,ES2-LLI-05717,Ufone,Offline,Site is Offline,South II,,true,,,514 days| 8:28:41,,,-,-,,S-3207,-,-,
,0,2025-04-09 13:59:52,ES2-KZD-08683,Ufone,Offline,Site is Offline,South II,,true,,,536 days| 6:04:20,,,-,-,,-,-,-,
,0,2025-04-04 14:59:53,EUS-PSN-04432,Jazz,Offline,Site is Offline,South II,,true,,,541 days| 5:04:19,,,-,-,,-,-,-,
,0,2025-03-19 20:46:44,ES2-SIB-05898,Ufone,Offline,Site is Offline,South II,,true,,,556 days| 23:17:28,,,-,-,,S-7367,-,-,
,0,2025-02-04 02:46:19,EUS-MCH-00004,Ufone,Offline,Site is Offline,South I,,true,,,600 days| 17:17:53,,,,,,S-7210,,,
,0,2025-01-29 20:48:30,ES2-SIB-06740,Ufone,Offline,Site is Offline,South II,,true,,,605 days| 23:15:42,,,-,-,,-,-,-,
,0,2024-12-18 21:31:54,ES2-KCH-05528,Ufone,Offline,Site is Offline,South I,,true,,,647 days| 22:32:18,,,-,-,,S-3145,-,-,
,0,2024-12-11 14:45:12,EUS-MCH-00018,Ufone,Offline,Site is Offline,South I,,true,,,655 days| 5:19:00,,,,,,S-7190,,,
,0,2024-08-27 16:42:10,ES2-PNJ-05570,Ufone,Offline,Site is Offline,South I,,true,,,761 days| 3:22:02,,,-,-,,-,-,-,
,0,2024-03-28 04:04:41,EUS-CHG-04589,Telenor,Offline,Site is Offline,South II,,true,,,913 days| 15:59:31,,,-,-,,-,-,-,
,0,2024-03-06 14:38:28,EUS-CHG-04587,Telenor,Offline,Site is Offline,South II,,true,,,935 days| 5:25:44,,,-,-,,QUCG14,-,-,
,0,2024-02-07 09:33:13,EUS-MCH-00007,Ufone,Offline,Site is Offline,South I,,true,,,963 days| 10:30:59,,,,,,S-7213,,,
