Site Id,Sub Region,Regional Team,Team lead,Engro POC,Reason
ES2-DBG-05666,Sui,Tanveer Balouch,Saif ul Islam,Muazzam Ali Bhatti,
ES2-SUI-06943,Sui,Tanveer Balouch,Saif ul Islam,Muazzam Ali Bhatti,
ES2-SUI-02705,Sui,Tanveer Balouch,Saif ul Islam,Muazzam Ali Bhatti,
ES2-SUI-06944,Sui,Tanveer Balouch,Saif ul Islam,Muazzam Ali Bhatti,
ES2-KKO-05047,Sui,Tanveer Balouch,Saif ul Islam,Muazzam Ali Bhatti,
ES2-SUI-06938,Sui,Tanveer Balouch,Saif ul Islam,Muazzam Ali Bhatti,
ES2-DBT-04763,Sui,Tanveer Balouch,Saif ul Islam,Muazzam Ali Bhatti,
ES2-SUK-05493,Sukkur,Hafeez,Abdul Rasool,Shahid Ahmed,
ES2-SUK-09789,Sukkur,Hafeez,Abdul Rasool,Shahid Ahmed,
ES2-DAY-03483,Dera Allah Yar,Hakim,Saif ul Islam,Abdul Waheed,
ES2-NSF-08671,Nausheroferoz,Abdul Qadeer,Abdul Rasool,Saqlain Ali Shah,
ES2-SUI-02178,Sui,Tanveer Balouch,Saif ul Islam,Muazzam Ali Bhatti,
ES2-NSF-06079,Kandiaro,Abdul Qadeer,Abdul Rasool,Saqlain Ali Shah,
ES2-RHR-02165,Sukkur,Hafeez,Abdul Rasool,Shahid Ahmed,
EUS-QSK-04661,Ranipur,Ansar,Abdul Rasool,Shahid Ahmed,
ES2-JCA-07913,Jacob Abad,Majid,Saif ul Islam,Abdul Waheed,
ES2-LKN-06089,Larkana,Khalid,Nadeem Ali,Mohsin Ali,
ES2-LKN-05710,Qambar,Ubaid,Nadeem Ali,Mohsin Ali,
ES2-NSD-05618,Dera Allah Yar,Hakim,Saif ul Islam,Abdul Waheed,
ES2-LKN-05540,Qambar,Ubaid,Nadeem Ali,Mohsin Ali,
ES2-LKN-07118,Larkana,Khalid,Nadeem Ali,Mohsin Ali,
ES2-SUK-01523,Sukkur,Hafeez,Abdul Rasool,Shahid Ahmed,
ES2-MGK-02181,Dera Allah Yar,Hakim,Saif ul Islam,Abdul Waheed,
EUS-QSK-04666,Shahdad Kot,Zahid,Nadeem Ali,Mohsin Ali,
ES2-DLG-10029,Ghotki,Sana Ullah,Abdul Rasool,Shahid Ahmed,
ES2-BRC-02051,Nausheroferoz,Abdul Qadeer,Abdul Rasool,Saqlain Ali Shah,
ES2-SDQ-04104,Sadiq Abad,Sabir,Abdul Rasool,Saqlain Ali Shah,
ES2-JCA-07912,Jacob Abad,Majid,Saif ul Islam,Abdul Waheed,
ES2-KKO-07543,Kandh Kot,Tanveer Balouch,Saif ul Islam,Muazzam Ali Bhatti,
ES2-SDK-01850,Shahdad Kot,Zahid,Nadeem Ali,Mohsin Ali,
ES2-JCA-08395,Jacob Abad,Majid,Saif ul Islam,Abdul Waheed,
ES2-WRH-02280,Qambar,Ubaid,Nadeem Ali,Mohsin Ali,
ES2-NSF-01666,Nausheroferoz,Abdul Qadeer,Abdul Rasool,Saqlain Ali Shah,
ES2-SUK-08492,Ghotki,Sana Ullah,Abdul Rasool,Shahid Ahmed,
ES2-DRK-07920,Ghotki,Sana Ullah,Abdul Rasool,Shahid Ahmed,
ES2-LKN-05539,Qambar,Ubaid,Nadeem Ali,Mohsin Ali,
ES2-GKI-05022,Ghotki,Sana Ullah,Abdul Rasool,Shahid Ahmed,
ES2-JMG-04568,Dera Allah Yar,Hakim,Saif ul Islam,Abdul Waheed,
ES2-LKN-09842,Larkana,Khalid,Nadeem Ali,Mohsin Ali,
ES2-KSH-04983,Kandh Kot,Tanveer Balouch,Saif ul Islam,Muazzam Ali Bhatti,
ES2-SUK-10022,Sukkur,Hafeez,Abdul Rasool,Shahid Ahmed,
ES2-KKO-08745,Kandh Kot,Tanveer Balouch,Saif ul Islam,Muazzam Ali Bhatti,
ES2-SPR-07447,Shikarpur,Akhtiar,Saif ul Islam,Muazzam Ali Bhatti,
ES2-UBA-06364,Ghotki,Sana Ullah,Abdul Rasool,Saqlain Ali Shah,
ES2-SDQ-06496,Sadiq Abad,Sabir,Abdul Rasool,Saqlain Ali Shah,
EUS-GKI-04327,Ghotki,Sana Ullah,Abdul Rasool,Shahid Ahmed,
ES2-RHR-02155,Sukkur,Hafeez,Abdul Rasool,Shahid Ahmed,
ES2-LKN-01093,Larkana,Khalid,Nadeem Ali,Mohsin Ali,
ES2-SPR-07910,Shikarpur,Akhtiar,Saif ul Islam,Muazzam Ali Bhatti,
EUS-QSK-04679,Kandiaro,Abdul Qadeer,Abdul Rasool,Saqlain Ali Shah,
EUS-QSK-04681,Shikarpur,Akhtiar,Saif ul Islam,Muazzam Ali Bhatti,
ES2-LKN-09557,Larkana,Khalid,Nadeem Ali,Mohsin Ali,
ES2-LKN-09735,Larkana,Khalid,Nadeem Ali,Mohsin Ali,
ES2-MHP-07527,Kandiaro,Abdul Qadeer,Abdul Rasool,Saqlain Ali Shah,
ES2-SET-10118,Ranipur,Ansar,Abdul Rasool,Saqlain Ali Shah,
EUS-GKI-04331,Ranipur,Ansar,Abdul Rasool,Ali Muhammad,
EUS-QSK-04656,Larkana,Khalid,Nadeem Ali,Mohsin Ali,
ES2-LKN-01965,Larkana,Khalid,Nadeem Ali,Mohsin Ali,
ES2-RHR-02156,Sukkur,Hafeez,Abdul Rasool,Shahid Ahmed,
EUS-QSK-04671,Shahdad Kot,Zahid,Nadeem Ali,Mohsin Ali,
ES2-JCA-04872,Kandh Kot,Tanveer Balouch,Saif ul Islam,Muazzam Ali Bhatti,
ES2-SUK-01768,Sukkur,Hafeez,Abdul Rasool,Shahid Ahmed,
ES2-PQL-09811,Ghotki,Sana Ullah,Abdul Rasool,Shahid Ahmed,
ES2-DMJ-09751,Dera Allah Yar,Hakim,Saif ul Islam,Abdul Waheed,
ES2-JCA-04914,Jacob Abad,Majid,Saif ul Islam,Abdul Waheed,
ES2-JCA-07399,Jacob Abad,Majid,Saif ul Islam,Abdul Waheed,
ES2-GMT-09746,Ranipur,Ansar,Abdul Rasool,Ali Muhammad,
ES2-DBI-03783,Ranipur,Ansar,Abdul Rasool,Ali Muhammad,
ES2-GKI-02985,Ghotki,Sana Ullah,Abdul Rasool,Shahid Ahmed,
ES2-NSF-09736,Nausheroferoz,Abdul Qadeer,Abdul Rasool,Saqlain Ali Shah,
ES2-GKI-06431,Ghotki,Sana Ullah,Abdul Rasool,Shahid Ahmed,
ES2-LKN-05785,Larkana,Khalid,Nadeem Ali,Muazzam Ali Bhatti,
ES2-SDQ-10231,Sadiq Abad,Sabir,Abdul Rasool,Saqlain Ali Shah,
EUS-QSK-04676,Qambar,Ubaid,Nadeem Ali,Mohsin Ali,
ES2-SDK-02702,Shahdad Kot,Zahid,Nadeem Ali,Mohsin Ali,
ES2-QBR-08936,Shahdad Kot,Zahid,Nadeem Ali,Mohsin Ali,
ES2-GKI-02117,Ghotki,Sana Ullah,Abdul Rasool,Shahid Ahmed,
ES2-KWH-03578,Kandiaro,Abdul Qadeer,Abdul Rasool,Saqlain Ali Shah,
ES2-PQL-06483,Ghotki,Sana Ullah,Abdul Rasool,Shahid Ahmed,
ES2-QBR-00579,Qambar,Ubaid,Nadeem Ali,Mohsin Ali,
ES2-RYK-08925,Sadiq Abad,Sabir,Abdul Rasool,Saqlain Ali Shah,
ES2-SPR-06153,Sukkur,Hafeez,Abdul Rasool,Shahid Ahmed,
ES2-JAF-05523,Dera Allah Yar,Hakim,Saif ul Islam,Abdul Waheed,
EUS-QSK-04660,Larkana,Khalid,Nadeem Ali,Mohsin Ali,
EUS-QSK-04659,Larkana,Khalid,Nadeem Ali,Mohsin Ali,
EUS-QSK-04693,Qambar,Ubaid,Nadeem Ali,Mohsin Ali,
ES2-JCA-05515,Kandh Kot,Tanveer Balouch,Saif ul Islam,Muazzam Ali Bhatti,
ES2-LKN-01723,Larkana,Khalid,Nadeem Ali,Mohsin Ali,
ES2-JCA-02091,Jacob Abad,Majid,Saif ul Islam,Abdul Waheed,
ES2-SUK-04086,Ghotki,Sana Ullah,Abdul Rasool,Shahid Ahmed,
ES2-TWS-07520,Kandh Kot,Tanveer Balouch,Saif ul Islam,Muazzam Ali Bhatti,
ES2-NSF-03258,Nausheroferoz,Abdul Qadeer,Abdul Rasool,Saqlain Ali Shah,
ES2-SDK-03033,Shahdad Kot,Zahid,Nadeem Ali,Mohsin Ali,
ES2-LKN-07525,Larkana,Khalid,Nadeem Ali,Mohsin Ali,
ES2-SDQ-01908,Sadiq Abad,Sabir,Abdul Rasool,Saqlain Ali Shah,
ES2-KRP-03278,Sukkur,Hafeez,Abdul Rasool,Ali Muhammad,
EUS-QSK-04662,Larkana,Khalid,Nadeem Ali,Mohsin Ali,
ES2-SDQ-02376,Sadiq Abad,Sabir,Abdul Rasool,Saqlain Ali Shah,
ES2-RYK-02171,Sadiq Abad,Sabir,Abdul Rasool,Saqlain Ali Shah,
ES2-SDK-06737,Shahdad Kot,Zahid,Nadeem Ali,Mohsin Ali,
ES2-JCA-05517,Kandh Kot,Tanveer Balouch,Saif ul Islam,Muazzam Ali Bhatti,
ES2-SUK-03168,Sukkur,Hafeez,Abdul Rasool,Shahid Ahmed,
ES2-DAY-03484,Dera Allah Yar,Hakim,Saif ul Islam,Abdul Waheed,
ES2-KRP-01749,Ranipur,Ansar,Abdul Rasool,Ali Muhammad,
ES2-JCA-05522,Kandh Kot,Tanveer Balouch,Saif ul Islam,Muazzam Ali Bhatti,
ES2-KPR-10451,Sukkur,Hafeez,Abdul Rasool,Shahid Ahmed,
ES2-UTM-02704,Dera Allah Yar,Hakim,Saif ul Islam,Abdul Waheed,
ES2-SPR-04074,Shikarpur,Akhtiar,Saif ul Islam,Muazzam Ali Bhatti,
ES2-THL-03124,Jacob Abad,Majid,Saif ul Islam,Abdul Waheed,
EUS-GKI-04329,Sukkur,Hafeez,Abdul Rasool,Shahid Ahmed,
ES2-JCA-05516,Kandh Kot,Tanveer Balouch,Saif ul Islam,Muazzam Ali Bhatti,
ES2-SBP-01690,Jacob Abad,Majid,Saif ul Islam,Abdul Waheed,
ES2-KDJ-02557,Sukkur,Hafeez,Abdul Rasool,Ali Muhammad,
ES2-KDJ-06697,Ranipur,Ansar,Abdul Rasool,Ali Muhammad,
ES2-KRP-01770,Ranipur,Ansar,Abdul Rasool,Saqlain Ali Shah,
EUS-QSK-04665,Larkana,Khalid,Nadeem Ali,Mohsin Ali,
ES2-SBP-02076,Jacob Abad,Majid,Saif ul Islam,Abdul Waheed,
ES2-UTM-09579,Dera Allah Yar,Hakim,Saif ul Islam,Abdul Waheed,
ES2-JCA-05518,Kandh Kot,Tanveer Balouch,Saif ul Islam,Muazzam Ali Bhatti,
ES2-KRP-04084,Sukkur,Hafeez,Abdul Rasool,Ali Muhammad,
ES2-SPR-03563,Shikarpur,Akhtiar,Saif ul Islam,Muazzam Ali Bhatti,
EUS-QSK-04667,Shahdad Kot,Zahid,Nadeem Ali,Mohsin Ali,
ES2-SUK-05431,Sukkur,Hafeez,Abdul Rasool,Shahid Ahmed,
ES2-QBR-01693,Qambar,Ubaid,Nadeem Ali,Mohsin Ali,
ES2-JCA-05614,Jacob Abad,Majid,Saif ul Islam,Abdul Waheed,
ES2-SDK-06731,Shahdad Kot,Zahid,Nadeem Ali,Mohsin Ali,
ES2-LKN-06828,Larkana,Khalid,Nadeem Ali,Mohsin Ali,
ES2-KRP-04085,Ranipur,Ansar,Abdul Rasool,Saqlain Ali Shah,
EUS-QSK-04682,Qambar,Ubaid,Nadeem Ali,Mohsin Ali,
ES2-RHR-02546,Sukkur,Hafeez,Abdul Rasool,Shahid Ahmed,
ES2-MRP-04998,Ranipur,Ansar,Abdul Rasool,Saqlain Ali Shah,
ES2-LKN-07442,Larkana,Khalid,Nadeem Ali,Mohsin Ali,
ES2-SUK-04640,Sukkur,Hafeez,Abdul Rasool,Shahid Ahmed,
EUS-GKI-04326,Kandh Kot,Tanveer Balouch,Saif ul Islam,Muazzam Ali Bhatti,
ES2-PQL-10243,Ghotki,Sana Ullah,Abdul Rasool,Shahid Ahmed,
ES2-PQL-09655,Ghotki,Sana Ullah,Abdul Rasool,Shahid Ahmed,
ES2-UBA-07551,Ghotki,Sana Ullah,Abdul Rasool,Shahid Ahmed,
ES2-KRP-00949,Sukkur,Hafeez,Abdul Rasool,Ali Muhammad,
ES2-LKN-01920,Larkana,Khalid,Nadeem Ali,Mohsin Ali,
ES2-JCA-05519,Kandh Kot,Tanveer Balouch,Saif ul Islam,Muazzam Ali Bhatti,
ES2-KMB-01680,Sukkur,Hafeez,Abdul Rasool,Shahid Ahmed,
ES2-BRR-09198,Nausheroferoz,Abdul Qadeer,Abdul Rasool,Saqlain Ali Shah,
ES2-NSD-05617,Dera Allah Yar,Hakim,Saif ul Islam,Abdul Waheed,
ES2-QBR-02578,Qambar,Ubaid,Nadeem Ali,Mohsin Ali,
ES2-TPW-04107,Ranipur,Ansar,Abdul Rasool,Ali Muhammad,
ES2-SUK-04106,Sukkur,Hafeez,Abdul Rasool,Shahid Ahmed,
ES2-KRP-06077,Sukkur,Hafeez,Abdul Rasool,Ali Muhammad,
ES2-GMT-09199,Ranipur,Ansar,Abdul Rasool,Ali Muhammad,
ES2-BDA-05414,Larkana,Khalid,Nadeem Ali,Mohsin Ali,
ES2-NSF-08612,Kandiaro,Abdul Qadeer,Abdul Rasool,Saqlain Ali Shah,
EUS-GKI-04333,Ranipur,Ansar,Abdul Rasool,Ali Muhammad,
ES2-LKN-07446,Larkana,Khalid,Nadeem Ali,Mohsin Ali,
ES2-SUK-04071,Sukkur,Hafeez,Abdul Rasool,Shahid Ahmed,
ES2-JCA-04873,Kandh Kot,Tanveer Balouch,Saif ul Islam,Muazzam Ali Bhatti,
ES2-DMJ-09575,Dera Allah Yar,Hakim,Saif ul Islam,Abdul Waheed,
EUS-QSK-04654,Shahdad Kot,Zahid,Nadeem Ali,Muazzam Ali Bhatti,
ES2-KRP-05418,Sukkur,Hafeez,Abdul Rasool,Ali Muhammad,
ES2-LKN-02195,Larkana,Khalid,Nadeem Ali,Mohsin Ali,
ES2-SPR-03191,Shikarpur,Akhtiar,Saif ul Islam,Muazzam Ali Bhatti,
ES2-LKN-07526,Larkana,Khalid,Nadeem Ali,Mohsin Ali,
EUS-QSK-04668,Shahdad Kot,Zahid,Nadeem Ali,Mohsin Ali,
ES2-SUK-01533,Sukkur,Hafeez,Abdul Rasool,Shahid Ahmed,
ES2-LKN-01091,Larkana,Khalid,Nadeem Ali,Mohsin Ali,
EUS-QSK-04657,Larkana,Khalid,Nadeem Ali,Muazzam Ali Bhatti,
ES2-KRP-02098,Sukkur,Hafeez,Abdul Rasool,Shahid Ahmed,
ES2-UBA-06365,Ghotki,Sana Ullah,Abdul Rasool,Saqlain Ali Shah,
ES2-LKN-05542,Qambar,Ubaid,Nadeem Ali,Mohsin Ali,
EUS-QSK-04690,Shahdad Kot,Zahid,Nadeem Ali,Mohsin Ali,
ES2-JCA-08489,Jacob Abad,Majid,Saif ul Islam,Abdul Waheed,
ES2-WRH-09598,Qambar,Ubaid,Nadeem Ali,Mohsin Ali,
ES2-KSH-01911,Kandh Kot,Tanveer Balouch,Saif ul Islam,Muazzam Ali Bhatti,
ES2-JCA-05613,Jacob Abad,Majid,Saif ul Islam,Abdul Waheed,
ES2-MRP-04988,Ranipur,Ansar,Abdul Rasool,Saqlain Ali Shah,
ES2-MPM-10339,Ghotki,Sana Ullah,Abdul Rasool,Shahid Ahmed,
ES2-KSH-07918,Kandh Kot,Tanveer Balouch,Saif ul Islam,Muazzam Ali Bhatti,
ES2-GKH-02444,Jacob Abad,Majid,Saif ul Islam,Abdul Waheed,
ES2-SPR-05568,Shikarpur,Akhtiar,Saif ul Islam,Muazzam Ali Bhatti,
ES2-KSH-03122,Kandh Kot,Tanveer Balouch,Saif ul Islam,Muazzam Ali Bhatti,
ES2-GUD-05899,Kandh Kot,Tanveer Balouch,Saif ul Islam,Muazzam Ali Bhatti,
ES2-SUK-01527,Sukkur,Hafeez,Abdul Rasool,Shahid Ahmed,
EUS-QSK-04658,Sukkur,Hafeez,Abdul Rasool,Shahid Ahmed,
ES2-LKN-04741,Qambar,Ubaid,Nadeem Ali,Mohsin Ali,
ES2-KKO-06413,Kandh Kot,Tanveer Balouch,Saif ul Islam,Muazzam Ali Bhatti,
ES2-SDJ-03689,Sukkur,Hafeez,Abdul Rasool,Shahid Ahmed,
ES2-SCD-01366,Jacob Abad,Majid,Saif ul Islam,Abdul Waheed,
ES2-SDK-06738,Shahdad Kot,Zahid,Nadeem Ali,Mohsin Ali,
EUS-QSK-04674,Qambar,Ubaid,Nadeem Ali,Mohsin Ali,
ES2-SDQ-02021,Sadiq Abad,Sabir,Abdul Rasool,Saqlain Ali Shah,
ES2-LKN-05707,Larkana,Khalid,Nadeem Ali,Mohsin Ali,
ES2-SDK-09205,Shahdad Kot,Zahid,Nadeem Ali,Mohsin Ali,
ES2-SPR-08288,Shikarpur,Akhtiar,Saif ul Islam,Muazzam Ali Bhatti,
ES2-JCA-03121,Jacob Abad,Majid,Saif ul Islam,Abdul Waheed,
ES2-LKN-04740,Qambar,Ubaid,Nadeem Ali,Mohsin Ali,
ES2-CND-09801,Ranipur,Ansar,Abdul Rasool,Ali Muhammad,
ES2-MPM-05115,Ghotki,Sana Ullah,Abdul Rasool,Shahid Ahmed,
ES2-KSH-03811,Kandh Kot,Tanveer Balouch,Saif ul Islam,Muazzam Ali Bhatti,
ES2-JCA-05615,Jacob Abad,Majid,Saif ul Islam,Abdul Waheed,
ES2-LKN-05712,Larkana,Khalid,Nadeem Ali,Mohsin Ali,
ES2-NSF-08592,Kandiaro,Abdul Qadeer,Abdul Rasool,Saqlain Ali Shah,
EUS-QSK-04684,Qambar,Ubaid,Nadeem Ali,Mohsin Ali,
ES2-LKN-05538,Qambar,Ubaid,Nadeem Ali,Mohsin Ali,
ES2-LKN-02668,Larkana,Khalid,Nadeem Ali,Mohsin Ali,
ES2-RNP-09200,Ranipur,Ansar,Abdul Rasool,Saqlain Ali Shah,
ES2-RYK-06222,Sadiq Abad,Sabir,Abdul Rasool,Saqlain Ali Shah,
EUS-QSK-04655,Shahdad Kot,Zahid,Nadeem Ali,Muazzam Ali Bhatti,
ES2-SDQ-01991,Sadiq Abad,Sabir,Abdul Rasool,Saqlain Ali Shah,
EUS-QSK-04675,Qambar,Ubaid,Nadeem Ali,Mohsin Ali,
ES2-DRK-01974,Ghotki,Sana Ullah,Abdul Rasool,Shahid Ahmed,
ES2-LKN-06647,Larkana,Khalid,Nadeem Ali,Mohsin Ali,
EUS-RYK-04013,Sadiq Abad,Sabir,Abdul Rasool,Saqlain Ali Shah,
ES2-LKN-02734,Larkana,Khalid,Nadeem Ali,Mohsin Ali,
ES2-LKN-01092,Larkana,Khalid,Nadeem Ali,Mohsin Ali,
ES2-SPR-05559,Jacob Abad,Majid,Saif ul Islam,Abdul Waheed,
ES2-KRP-05063,Sukkur,Hafeez,Abdul Rasool,Shahid Ahmed,
EUS-GKI-04334,Nausheroferoz,Abdul Qadeer,Abdul Rasool,Saqlain Ali Shah,
EUS-QSK-04664,Larkana,Khalid,Nadeem Ali,Mohsin Ali,
ES2-SUK-02166,Sukkur,Hafeez,Abdul Rasool,Shahid Ahmed,
ES2-KSH-01748,Ranipur,Ansar,Abdul Rasool,Saqlain Ali Shah,
ES2-KKO-05417,Kandh Kot,Tanveer Balouch,Saif ul Islam,Muazzam Ali Bhatti,
EUS-QSK-04677,Shahdad Kot,Zahid,Nadeem Ali,Mohsin Ali,
ES2-JCA-02065,Jacob Abad,Majid,Saif ul Islam,Abdul Waheed,
ES2-JCA-05520,Jacob Abad,Majid,Saif ul Islam,Abdul Waheed,
ES2-JCA-05521,Shahdad Kot,Zahid,Nadeem Ali,Mohsin Ali,
ES2-GKI-06099,Ghotki,Sana Ullah,Abdul Rasool,Shahid Ahmed,
ES2-LKI-01080,Shikarpur,Akhtiar,Saif ul Islam,Muazzam Ali Bhatti,
EUS-QSK-04670,Shahdad Kot,Zahid,Nadeem Ali,Mohsin Ali,
EUS-QSK-04672,Shahdad Kot,Zahid,Nadeem Ali,Mohsin Ali,
ES2-SUK-01536,Sukkur,Hafeez,Abdul Rasool,Shahid Ahmed,
ES2-SPR-05620,Shikarpur,Akhtiar,Saif ul Islam,Muazzam Ali Bhatti,
EUS-QSK-04689,Qambar,Ubaid,Nadeem Ali,Mohsin Ali,
EUS-QSK-04680,Qambar,Ubaid,Nadeem Ali,Mohsin Ali,
ES2-SUK-01534,Sukkur,Hafeez,Abdul Rasool,Shahid Ahmed,
ES2-MPM-03273,Ghotki,Sana Ullah,Abdul Rasool,Shahid Ahmed,
ES2-RTD-05931,Larkana,Khalid,Nadeem Ali,Muazzam Ali Bhatti,
ES2-NAU-06061,Larkana,Khalid,Nadeem Ali,Muazzam Ali Bhatti,
ES2-GKI-02374,Ghotki,Sana Ullah,Abdul Rasool,Shahid Ahmed,
ES2-HLN-01672,Kandiaro,Abdul Qadeer,Abdul Rasool,Saqlain Ali Shah,
ES2-LKN-05713,Larkana,Khalid,Nadeem Ali,Muazzam Ali Bhatti,
ES2-KDJ-02377,Sukkur,Hafeez,Abdul Rasool,Ali Muhammad,
ES2-GDK-01675,Nausheroferoz,Abdul Qadeer,Abdul Rasool,Saqlain Ali Shah,
ES2-SDK-03632,Shahdad Kot,Zahid,Nadeem Ali,Mohsin Ali,
ES2-SDK-07210,Shahdad Kot,Zahid,Nadeem Ali,Mohsin Ali,
ES2-SDQ-09753,Sadiq Abad,Sabir,Abdul Rasool,Saqlain Ali Shah,
ES2-BDA-01713,Larkana,Khalid,Nadeem Ali,Mohsin Ali,
EUS-GKI-04332,Ranipur,Ansar,Abdul Rasool,Saqlain Ali Shah,
ES2-KDY-05006,Kandiaro,Abdul Qadeer,Abdul Rasool,Saqlain Ali Shah,
EUS-QSK-04673,Shahdad Kot,Zahid,Nadeem Ali,Mohsin Ali,
ES2-BDA-03439,Larkana,Khalid,Nadeem Ali,Mohsin Ali,
EUS-QSK-04692,Qambar,Ubaid,Nadeem Ali,Mohsin Ali,
ES2-KDY-02266,Kandiaro,Abdul Qadeer,Abdul Rasool,Saqlain Ali Shah,
ES2-KRP-08764,Ranipur,Ansar,Abdul Rasool,Shahid Ahmed,
ES2-SPR-05416,Shikarpur,Akhtiar,Saif ul Islam,Muazzam Ali Bhatti,
ES2-LKN-09593,Larkana,Khalid,Nadeem Ali,Mohsin Ali,
ES2-RUS-01364,Shikarpur,Akhtiar,Saif ul Islam,Muazzam Ali Bhatti,
ES2-DRK-09814,Ghotki,Sana Ullah,Abdul Rasool,Shahid Ahmed,
ES2-SDK-04355,Shahdad Kot,Zahid,Nadeem Ali,Mohsin Ali,
ES2-SUK-09749,Sukkur,Hafeez,Abdul Rasool,Shahid Ahmed,
EUS-GKI-04337,Ranipur,Ansar,Abdul Rasool,Saqlain Ali Shah,
ES2-QBR-01432,Shahdad Kot,Zahid,Nadeem Ali,Mohsin Ali,
ES2-QBR-02747,Qambar,Ubaid,Nadeem Ali,Mohsin Ali,
ES2-SPR-04963,Shikarpur,Akhtiar,Saif ul Islam,Muazzam Ali Bhatti,
ES2-RHR-02163,Sukkur,Hafeez,Abdul Rasool,Shahid Ahmed,
ES2-BRD-01677,Sukkur,Hafeez,Abdul Rasool,Shahid Ahmed,
ES2-SUK-04313,Sukkur,Hafeez,Abdul Rasool,Shahid Ahmed,
ES2-KRP-05492,Ranipur,Ansar,Abdul Rasool,Saqlain Ali Shah,
ES2-SDQ-10230,Sadiq Abad,Sabir,Abdul Rasool,Saqlain Ali Shah,
EUS-QSK-04688,Larkana,Khalid,Nadeem Ali,Mohsin Ali,
ES2-LKN-03312,Larkana,Khalid,Nadeem Ali,Mohsin Ali,
ES2-RYK-08638,Sadiq Abad,Sabir,Abdul Rasool,Saqlain Ali Shah,
EUS-QSK-04691,Shahdad Kot,Zahid,Nadeem Ali,Mohsin Ali,
ES2-GMT-03686,Ranipur,Ansar,Abdul Rasool,Ali Muhammad,
ES2-KRP-00948,Sukkur,Hafeez,Abdul Rasool,Shahid Ahmed,
ES2-LKN-05706,Larkana,Khalid,Nadeem Ali,Mohsin Ali,
ES2-QBR-09561,Qambar,Ubaid,Nadeem Ali,Mohsin Ali,
ES2-KRP-09184,Ranipur,Ansar,Abdul Rasool,Ali Muhammad,
ES2-LKN-03833,Qambar,Ubaid,Nadeem Ali,Mohsin Ali,
ES2-JCA-05566,Jacob Abad,Majid,Saif ul Islam,Abdul Waheed,
EUS-GKI-04330,Sukkur,Hafeez,Abdul Rasool,Shahid Ahmed,
EUS-GKI-04335,Nausheroferoz,Abdul Qadeer,Abdul Rasool,Saqlain Ali Shah,
ES2-SPR-01960,Shikarpur,Akhtiar,Saif ul Islam,Muazzam Ali Bhatti,
ES2-NSD-03433,Larkana,Khalid,Nadeem Ali,Mohsin Ali,
EUS-QSK-04686,Qambar,Ubaid,Nadeem Ali,Mohsin Ali,
ES2-DRK-07922,Ghotki,Sana Ullah,Abdul Rasool,Shahid Ahmed,
EUS-GKI-04328,Shikarpur,Akhtiar,Saif ul Islam,Muazzam Ali Bhatti,
ES2-GKI-05428,Ghotki,Sana Ullah,Abdul Rasool,Shahid Ahmed,
ES2-KRP-00951,Sukkur,Hafeez,Abdul Rasool,Ali Muhammad,
ES2-KRP-06076,Sukkur,Hafeez,Abdul Rasool,Ali Muhammad,
ES2-JCA-02339,Jacob Abad,Majid,Saif ul Islam,Abdul Waheed,
ES2-SUK-09788,Sukkur,Hafeez,Abdul Rasool,Shahid Ahmed,
ES2-NSF-03806,Kandiaro,Abdul Qadeer,Abdul Rasool,Saqlain Ali Shah,
ES2-GKI-06700,Ghotki,Sana Ullah,Abdul Rasool,Shahid Ahmed,
ES2-GMT-05066,Ranipur,Ansar,Abdul Rasool,Ali Muhammad,
ES2-KDJ-07524,Ranipur,Ansar,Abdul Rasool,Saqlain Ali Shah,
ES2-LKN-05541,Qambar,Ubaid,Nadeem Ali,Mohsin Ali,
ES2-KRP-07523,Sukkur,Hafeez,Abdul Rasool,Ali Muhammad,
ES2-SDH-02054,Ranipur,Ansar,Abdul Rasool,Saqlain Ali Shah,
ES2-SPR-05621,Shikarpur,Akhtiar,Saif ul Islam,Muazzam Ali Bhatti,
ES2-SUK-03784,Sukkur,Hafeez,Abdul Rasool,Shahid Ahmed,
ES2-SPR-07917,Shikarpur,Akhtiar,Saif ul Islam,Muazzam Ali Bhatti,
EUS-QSK-04687,Qambar,Ubaid,Nadeem Ali,Mohsin Ali,
ES2-SUK-06394,Sukkur,Hafeez,Abdul Rasool,Shahid Ahmed,
ES2-GKI-03564,Ghotki,Sana Ullah,Abdul Rasool,Shahid Ahmed,
ES2-DRK-07921,Ghotki,Sana Ullah,Abdul Rasool,Shahid Ahmed,
EUS-QSK-04669,Shahdad Kot,Zahid,Nadeem Ali,Mohsin Ali,
ES2-KPM-05005,Shikarpur,Akhtiar,Saif ul Islam,Muazzam Ali Bhatti,
EUS-QSK-04678,Shahdad Kot,Zahid,Nadeem Ali,Mohsin Ali,
ES2-QBR-02671,Qambar,Ubaid,Nadeem Ali,Mohsin Ali,
ES2-PQL-03317,Ghotki,Sana Ullah,Abdul Rasool,Shahid Ahmed,
ES2-SDK-03034,Shahdad Kot,Zahid,Nadeem Ali,Mohsin Ali,
ES2-SUK-01697,Ghotki,Sana Ullah,Abdul Rasool,Shahid Ahmed,
ES2-KRP-03807,Sukkur,Hafeez,Abdul Rasool,Shahid Ahmed,
ES2-SUK-02180,Sukkur,Hafeez,Abdul Rasool,Shahid Ahmed,
ES2-SDQ-10097,Sadiq Abad,Sabir,Abdul Rasool,Saqlain Ali Shah,
ES2-MPM-10218,Ghotki,Sana Ullah,Abdul Rasool,Shahid Ahmed,
ES2-MPM-10319,Ghotki,Sana Ullah,Abdul Rasool,Shahid Ahmed,
ES2-NSD-05619,Dera Allah Yar,Hakim,Saif ul Islam,Abdul Waheed,
ES2-JAF-05626,Dera Allah Yar,Hakim,Saif ul Islam,Abdul Waheed,
ES2-JAF-05627,Dera Allah Yar,Hakim,Saif ul Islam,Abdul Waheed,
ES2-NSD-05545,Dera Allah Yar,Hakim,Saif ul Islam,Abdul Waheed,
ES2-STM-07892,Dera Allah Yar,Hakim,Saif ul Islam,Abdul Waheed,
ES2-JAF-05524,Dera Allah Yar,Hakim,Saif ul Islam,Abdul Waheed,
ES2-NSD-05632,Dera Allah Yar,Hakim,Saif ul Islam,Abdul Waheed,
ES2-JAF-05616,Dera Allah Yar,Hakim,Saif ul Islam,Abdul Waheed,
ES2-NSD-05633,Dera Allah Yar,Hakim,Saif ul Islam,Abdul Waheed,
ES2-DAY-03398,Dera Allah Yar,Hakim,Saif ul Islam,Abdul Waheed,
ES2-UTM-09599,Dera Allah Yar,Hakim,Saif ul Islam,Abdul Waheed,
ES2-JAF-05670,Dera Allah Yar,Hakim,Saif ul Islam,Abdul Waheed,
ES2-SBP-01691,Dera Allah Yar,Hakim,Saif ul Islam,Abdul Waheed,
ES2-SBP-04165,Jacob Abad,Majid,Saif ul Islam,Abdul Waheed,
ES2-DAY-01910,Dera Allah Yar,Hakim,Saif ul Islam,Abdul Waheed,
ES2-DAY-01942,Dera Allah Yar,Hakim,Saif ul Islam,Abdul Waheed,
ES2-DMJ-09956,Dera Allah Yar,Hakim,Saif ul Islam,Abdul Waheed,
EUS-GKI-04338,Nausheroferoz,Abdul Qadeer,Abdul Rasool,Saqlain Ali Shah,
ES2-RYK-08640,Sadiq Abad,Sabir,Abdul Rasool,Saqlain Ali Shah,
ES2-RYK-08635,Sadiq Abad,Sabir,Abdul Rasool,Saqlain Ali Shah,
